Frame,Time_Seconds,Knee_Angle_Raw,Knee_Angle_SG,Hip_Angle_SG,Elbow_Angle_SG,Ground_Truth,Prediction
0,0.0,174.9102573742791,174.81211257314564,165.3437778256666,173.34389011293572,Standing,Standing
1,0.02,174.9102573742791,174.9472115219428,165.34241631097865,173.81802892046204,Standing,Standing
2,0.04,174.9102573742791,175.06747349733791,165.34269020068746,174.20189778716812,Standing,Standing
3,0.06,174.87352931552593,175.17268948611127,165.34450104944744,174.49598288922172,Standing,Standing
4,0.08,175.80515129915474,175.26266514664192,165.34776650405956,174.70059055564414,Standing,Standing
5,0.1,175.34999897732155,175.33722363364652,165.35241964887183,174.81584336879166,Standing,Standing
6,0.12,175.34999897732155,175.42296454697438,165.4331068147994,174.63543230000627,Standing,Standing
7,0.14,175.3138502253347,175.45953084808906,165.46135357251677,174.65968785927018,Standing,Standing
8,0.16,175.42684087454776,175.54477205010548,165.39593818185728,174.55703136185846,Standing,Standing
9,0.18,175.50242368224173,175.46082605524296,165.38010543078687,174.66116717484323,Standing,Standing
10,0.2,175.50242368224173,175.41767928925262,165.29894647025168,174.5710413916835,Standing,Standing
11,0.22,175.39069212256098,175.26316163681005,165.3470093703463,174.5640398592532,Standing,Standing
12,0.24,175.50242368224173,175.08640665032496,165.44506261922,174.65487130192287,Standing,Standing
13,0.26,174.46588897988474,174.87670506072612,165.575198445828,174.79036955754134,Standing,Standing
14,0.28,174.46588897988474,174.59325437678058,165.76527660772726,174.97520389768601,Standing,Standing
15,0.3,174.46588897988474,174.46804925898044,165.90520284203444,175.1614551618313,Standing,Standing
16,0.32,174.57780789874704,174.47943696455943,165.92499002439916,175.35475678631582,Standing,Standing
17,0.34,174.46588897988474,174.59888244504626,165.86944673269744,175.57362619201558,Standing,Standing
18,0.36,174.46588897988474,174.91880561135758,165.6437605729986,175.3859679827753,Standing,Standing
19,0.38,175.50242368224173,175.11858967745752,165.55312086197372,175.0722314811096,Standing,Standing
20,0.4,175.42684087454776,175.32062631162265,165.46944955932167,174.39729700885474,Standing,Standing
21,0.42,175.42684087454776,175.36203305531288,165.5359051993886,173.76533009474463,Standing,Standing
22,0.44,175.50242368224173,175.2009173430967,165.76732406167318,172.98756286756625,Standing,Standing
23,0.46,174.9711093186789,174.99143561762673,166.0447140664837,172.07422752540685,Standing,Standing
24,0.48,174.8616944974439,174.7179682551282,166.35382917588453,171.2087727169545,Standing,Standing
25,0.5,174.04220777545467,174.59170893444565,166.57524081495177,170.4489433596624,Standing,Standing
26,0.52,174.04220777545467,174.56201695718005,166.65156587931293,169.9226140545127,Standing,Standing
27,0.54,174.93853639467116,174.59149823829017,166.66431294285616,169.20633498752053,Standing,Standing
28,0.56,174.8616944974439,174.61829453103238,166.6685852273494,168.41472005206396,Standing,Standing
29,0.58,174.8616944974439,174.5625313037211,166.87006546894165,167.53317484609315,Standing,Standing
30,0.6,174.8616944974439,174.59855066204918,167.04121483578382,166.6861147240358,Standing,Standing
31,0.62,174.40902845699173,174.6255148429871,167.36537268702492,165.7260287000288,Standing,Standing
32,0.64,174.0581355457704,174.70262141772852,167.68670465046657,164.93180769154355,Standing,Standing
33,0.66,174.50665607158896,174.89423813440558,168.01888480797527,164.40475447559567,Standing,Standing
34,0.68,175.43488189299518,175.10012890228882,168.34213268465984,164.0142501690882,Standing,Standing
35,0.7,175.84593278432666,175.31545591700527,168.59622522707147,164.02627374659525,Standing,Standing
36,0.72,175.81740258402178,175.44825939133852,168.76062144994012,164.19322209083745,Standing,Standing
37,0.74,175.36782490968875,175.60906711349514,168.82511672858746,164.41560050757766,Standing,Standing
38,0.76,175.36782490968875,175.62948082218995,168.93673454073152,164.78946626076223,Standing,Standing
39,0.78,175.36782490968875,175.5852430730926,169.08317529766745,165.13190264164564,Standing,Standing
40,0.8,175.36782490968875,175.62043430344556,169.11311868436164,165.50930047944513,Standing,Standing
41,0.82,176.32719120557798,175.73263239213605,169.1136907826986,165.71708388475096,Standing,Standing
42,0.84,175.87407058601974,175.87878655599357,169.03534032521438,166.05683252011525,Standing,Standing
43,0.86,175.87407058601974,175.9615583658082,169.0367459140251,166.56098044364435,Standing,Standing
44,0.88,175.9607090780275,176.01007156773863,169.04455019467042,166.7529525892865,Standing,Standing
45,0.9,175.9607090780275,175.999090212552,169.06216634172418,167.22267906749516,Standing,Standing
46,0.92,175.9607090780275,175.91143723838474,169.06775049102401,167.57137450587618,Standing,Standing
47,0.94,175.9607090780275,175.9099626553401,169.02292006844235,167.78297595120853,Standing,Standing
48,0.96,175.9607090780275,175.92125271222312,169.04139663030588,167.8153698119516,Standing,Standing
49,0.98,175.89945639716143,175.95896723062063,169.08190710044897,167.84346177566823,Standing,Standing
50,1.0,175.89945639716143,176.10847482157718,169.0876560783298,167.99215497079263,Standing,Standing
51,1.02,175.9607090780275,176.18099790232424,169.1462785258884,168.14000865049937,Standing,Standing
52,1.04,176.43904110784143,176.14185537651997,169.21259912290918,168.1839238378255,Standing,Standing
53,1.06,176.3817535313657,176.16758289828496,169.29916686653638,168.236009992399,Squatting,Standing
54,1.08,176.3817535313657,176.0715927424568,169.43085640038353,168.10959560648453,Squatting,Standing
55,1.1,175.4423286462559,175.8359088573738,169.7042999898067,167.95302281481835,Squatting,Standing
56,1.12,175.3800371079471,175.66031424037945,169.8891441527408,167.67405706986142,Squatting,Standing
57,1.14,175.80710475077203,175.36917249239784,170.1136342994957,167.18261738995807,Squatting,Standing
58,1.16,174.79475240247137,175.02407096942642,170.37945149404987,166.73156040297826,Squatting,Standing
59,1.18,174.8132051488534,174.80556965695962,170.4744511111177,166.40915468425155,Squatting,Standing
60,1.2,175.25223053984442,174.7104843427551,170.52408151899922,166.31450669047754,Squatting,Standing
61,1.22,174.16050768808662,174.65313951321625,170.4536917208838,166.35759823603297,Squatting,Standing
62,1.24,174.17896043446936,174.6597654026813,170.3026085341125,166.47276059520146,Squatting,Standing
63,1.26,175.16455269664584,174.90698903424456,170.0068844798801,166.80194407069462,Squatting,Standing
64,1.28,175.16455269664584,175.20751338303583,169.63289160555996,167.44062325469665,Squatting,Standing
65,1.3,175.62907227154773,175.41892291896346,169.42220627202494,168.07958170144346,Squatting,Standing
66,1.32,175.62907227154773,175.70466291780545,169.07457413411214,168.70747029757345,Squatting,Standing
67,1.34,176.06323631727756,175.79461992559453,168.79164627182917,169.18072461671636,Squatting,Standing
68,1.36,176.06323631727756,175.7172073262022,168.65922950214738,169.51923522202762,Squatting,Standing
69,1.38,175.19811803731088,175.73987016076336,168.40119157125483,169.6903512721028,Squatting,Standing
70,1.4,175.66220936134184,175.73076667642425,168.2249933767679,169.6920802408487,Squatting,Standing
71,1.42,175.73198649781168,175.86179975267595,167.95469455897427,169.53092126709862,Squatting,Standing
72,1.44,175.7624023035796,175.97397845956573,167.7485719247949,169.3136193177708,Squatting,Standing
73,1.46,176.2297685822341,175.98444603001934,167.56142993855747,169.08359185979276,Squatting,Standing
74,1.48,176.12581222164633,175.90488934239312,167.46820341643107,168.9935656003915,Squatting,Standing
75,1.5,176.19558935811452,175.55442339826294,167.57624266734092,168.90796655213396,Squatting,Standing
76,1.52,175.20978019194462,175.34778525378988,167.6469212463068,168.72284558695793,Squatting,Standing
77,1.54,174.25838328507422,174.95039396477816,167.89618977729302,168.52346781485016,Squatting,Standing
78,1.56,174.2845953253679,174.50821584790805,168.164359456332,168.38500447822014,Squatting,Standing
79,1.58,174.2845953253679,174.16442991136466,168.25222529558923,168.4289632762438,Squatting,Standing
80,1.6,174.7756161461963,173.99666502729974,168.24208680159762,168.464577480897,Squatting,Standing
81,1.62,173.22569023130305,173.86097938683386,168.2796244180425,168.4530945666348,Squatting,Standing
82,1.64,173.68648433444616,173.72603653870027,168.25487874603056,168.15233087798546,Squatting,Standing
83,1.66,173.68648433444616,173.48542285776546,168.29916881982146,167.57265512341166,Squatting,Standing
84,1.68,173.68648433444616,173.31949044452722,168.2424588795753,166.78107027159902,Squatting,Standing
85,1.7,172.73331334292126,173.2314687875095,168.1042791452457,165.57559699751755,Squatting,Standing
86,1.72,173.28038321207825,173.36827094994138,167.91401646609702,164.0398948833049,Squatting,Standing
87,1.74,173.28038321207825,173.36185308464465,167.8001006637348,162.22008374262418,Squatting,Standing
88,1.76,173.65448353212642,173.52786029570538,167.53648634370714,160.36581894314216,Squatting,Standing
89,1.78,173.65448353212642,173.63033262521137,167.30481594875684,158.3434508269927,Squatting,Standing
90,1.8,173.77068657643017,173.69186271182159,167.1824588387083,157.1291782879542,Squatting,Standing
91,1.82,173.68441081042022,173.54305177265735,167.25951199214836,156.22545086250946,Squatting,Standing
92,1.84,173.74075929813642,173.34892481739956,167.37097472417955,155.68606611141752,Squatting,Standing
93,1.86,172.70322378009115,173.10196370273326,167.52895841976647,154.93676736649746,Squatting,Standing
94,1.88,172.70322378009115,172.89472821625145,167.5889530089169,154.59278052004277,Squatting,Standing
95,1.9,172.70322378009115,172.71035649695966,167.6236182850166,152.41195825694118,Squatting,Standing
96,1.92,172.58556065454968,172.58777682216356,167.6292360473956,148.08803362121037,Squatting,Standing
97,1.94,172.70322378009115,172.57960666315495,167.58626380052834,142.60218666345878,Squatting,Standing
98,1.96,172.70322378009115,172.63857848116717,167.52568883249825,137.24608745120753,Squatting,Standing
99,1.98,172.70322378009115,172.72982177502053,167.4844349274827,132.24300358349362,Squatting,Standing
100,2.0,172.79353454893524,172.86604503911832,167.43825175637434,128.96274904282976,Squatting,Standing
101,2.02,173.08171109730128,173.0967281029178,167.2706924131026,126.55279216982059,Squatting,Standing
102,2.04,173.0554990570063,173.39056636668187,167.02356513540263,125.69243012612996,Squatting,Standing
103,2.06,173.96154363120962,173.54272185739805,166.7486829934118,125.62543856478834,Squatting,Standing
104,2.08,173.93255879518262,173.74990975984446,166.3728692654444,127.2223116687844,Squatting,Standing
105,2.1,174.3852248356403,174.17885688123667,165.94214358885313,127.48549551930266,Squatting,Standing
106,2.12,174.46588897988474,174.4555982364622,165.6300516634525,126.94605081508949,Squatting,Standing
107,2.14,174.271147199643,175.0997093222384,165.2511541935997,124.6417286796013,Squatting,Standing
108,2.16,176.1298926817046,175.87113616330794,164.90931487355587,122.51052941779679,Squatting,Standing
109,2.18,177.47700887396158,177.08149363606697,164.4736577904226,117.21216654353341,Squatting,Standing
110,2.2,177.51959212846435,178.53076489523684,163.89577234883373,110.26870063031542,Squatting,Standing
111,2.22,178.93496806642767,179.59009129540277,163.05128360499464,100.77566804582521,Squatting,Standing
112,2.24,177.97550000928544,177.6929398677187,162.32329419464304,90.70495546053803,Squatting,Standing
113,2.26,175.36656943513935,175.6784988498014,161.69650429672237,80.77167780657948,Standing,Standing
114,2.28,173.53873665188257,173.37950758834089,161.0105515289488,72.90783529727159,Standing,Standing
115,2.3,170.867179248477,171.0604326911785,160.52982216917601,66.14201342464926,Standing,Standing
116,2.32,169.72213187422207,169.28123486534776,160.3675503024907,61.59541487544846,Standing,Standing
117,2.34,166.32743877389402,167.32578347804838,160.19906321177118,57.47773973832027,Standing,Standing
118,2.36,165.07606708517596,165.5351893518145,160.01364733366825,54.72270633540047,Standing,Standing
119,2.38,164.18845621061655,163.57377255453034,159.75133370276015,51.65499903555937,Standing,Standing
120,2.4,162.8018089677888,161.68185755742095,159.35065208371304,49.115963048084474,Standing,Standing
121,2.42,159.47948684879094,159.54027420355703,158.6723535869827,45.893519774847825,Standing,Standing
122,2.44,157.02967831637667,157.53136270743326,158.1126620120535,43.32575478916174,Standing,Standing
123,2.46,154.6214681885965,155.0936103925325,157.24263040659207,41.47630562439093,Standing,Standing
124,2.48,153.26983175969815,152.79098254170881,156.21609906549034,40.39271078994625,Standing,Standing
125,2.5,150.5545712699688,150.63801086770616,155.17683478734182,39.56021557083038,Standing,Standing
126,2.52,149.12441788192433,148.9632005278172,154.3108671278143,39.153128635205725,Standing,Standing
127,2.54,146.63893182942942,147.41147347084734,153.3835528614603,38.72949546327345,Standing,Standing
128,2.56,146.29557083002965,145.99134162693827,152.51921303502277,38.531748571488535,Standing,Standing
129,2.58,144.22522879778583,144.6701095175414,151.72097574350084,38.58876381777584,Standing,Squatting
130,2.6,144.09877926899415,143.5756151288003,150.9931219444744,38.62482251731602,Standing,Squatting
131,2.62,142.3362368620332,142.23441677213603,149.98415653584607,38.518693615530616,Standing,Squatting
132,2.64,141.11550356619392,141.0262675062543,149.16392997396514,38.415338714579946,Standing,Squatting
133,2.66,139.70313453786596,139.43219314095245,147.8167962586334,38.16868779379696,Standing,Squatting
134,2.68,137.93888337992897,137.965451865466,146.3881274807307,37.76158205589168,Standing,Squatting
135,2.7,135.58823168837944,136.30799927875026,144.6769198297714,37.42575444401795,Standing,Squatting
136,2.72,135.19035072654506,134.77967607231665,143.11127971392688,37.2583308853878,Standing,Squatting
137,2.74,132.19754848005306,132.92204431456773,141.1535454821888,37.27707294415295,Standing,Squatting
138,2.76,131.70785288692423,131.13747417340662,139.33032713110597,37.315287755028166,Standing,Squatting
139,2.78,129.627649394515,129.19023849973115,137.3335022772524,37.70744052194036,Standing,Squatting
140,2.8,127.35525217452042,127.43474916906453,135.5392815492561,38.041100541511824,Standing,Squatting
141,2.82,124.4280349841851,125.23896852615968,133.339053228847,38.64031907878224,Squatting,Squatting
142,2.84,123.63957184611324,123.34215931345543,131.43610860379778,39.139707170644705,Squatting,Squatting
143,2.86,120.84354813034956,121.01626083676531,129.10540552559843,39.93811028895137,Squatting,Squatting
144,2.88,119.96716571232915,118.94942573063997,127.0739285056745,40.61633896135673,Squatting,Squatting
145,2.9,116.34543469907454,117.16443093032947,125.36357077873198,41.62377051313669,Squatting,Squatting
146,2.92,115.40771810889548,115.51555361482411,123.87448116015267,42.429556485749785,Squatting,Squatting
147,2.94,113.20447787275667,113.60167183242311,122.20636112718768,43.141262365616505,Squatting,Squatting
148,2.96,112.22252237343423,112.02273545019402,120.99298130133698,43.533224235020064,Squatting,Squatting
149,2.98,111.28096197061296,110.26440925688803,119.63046125276469,43.86864268931198,Squatting,Squatting
150,3.0,108.65622206750751,108.77429970997933,118.36108111344907,43.97345183173831,Squatting,Squatting
151,3.02,106.64669702259154,107.04012137195771,116.81369742119809,44.085560506404406,Squatting,Squatting
152,3.04,105.79635828024354,105.66021289657039,115.53306502636842,43.98113848554364,Squatting,Squatting
153,3.06,103.71254194297889,104.23109022835067,114.27743551434457,43.90837514367728,Squatting,Squatting
154,3.08,102.996294953085,102.84635572925471,112.94377926441094,43.74861202328223,Squatting,Squatting
155,3.1,101.90903148121538,101.88609455702338,112.05415328521238,43.57480552153851,Squatting,Squatting
156,3.12,101.90903148121538,101.12169256178787,111.2887906977282,43.18560773815261,Squatting,Squatting
157,3.14,99.95569977130239,100.62833293290629,110.82085755965093,42.6881608670722,Squatting,Squatting
158,3.16,99.50808560044301,100.33352005519416,110.62338143706262,42.307987042434306,Squatting,Squatting
159,3.18,100.38276237156279,99.91221358657705,110.16658407254138,41.92383304761544,Squatting,Squatting
160,3.2,100.19826854924003,99.71093812873264,109.80770482600664,41.715725046961644,Squatting,Squatting
161,3.22,100.19826854924003,99.6269229357617,109.58850116120028,41.52819098271748,Squatting,Squatting
162,3.24,99.15563408636612,99.89486353680684,109.76541475508989,41.31295892114988,Squatting,Squatting
163,3.26,99.07403496830469,99.80853058010388,109.52739524800286,41.150009299058866,Squatting,Squatting
164,3.28,100.19826854924003,99.81523178316792,109.37172697756662,40.948621701960676,Squatting,Squatting
165,3.3,100.19826854924003,99.79930595726861,109.30345778033531,40.84583797567182,Squatting,Squatting
166,3.32,100.19826854924003,99.69715249614651,109.12772989644866,40.810108726354116,Squatting,Squatting
167,3.34,98.88954114598195,99.56881336185688,109.07665304246315,40.77091882550647,Squatting,Squatting
168,3.36,100.00986513051234,99.36773283354155,108.99325447621764,40.875730846756106,Squatting,Squatting
169,3.38,98.2907962372196,98.84383912456263,108.6318677229139,40.693132645368955,Squatting,Squatting
170,3.4,98.2907962372196,98.32175198977654,108.19286690167313,40.637204726519165,Squatting,Squatting
171,3.42,98.2907962372196,98.01655898132685,107.82187924849019,40.482506305366115,Squatting,Squatting
172,3.44,98.2907962372196,97.80480077287557,107.63269103281205,40.37178296390914,Squatting,Squatting
173,3.46,96.71232879536952,97.39370648251894,106.98201203115656,40.20997170288463,Squatting,Squatting
174,3.48,97.30548743868141,97.32113931889977,106.78740658214069,39.88568854974239,Squatting,Squatting
175,3.5,98.31512575677596,97.49130271844834,106.73691386148195,39.238448425233095,Squatting,Squatting
176,3.52,97.71817499220013,97.76383563128724,106.59916319889297,38.17907186438809,Squatting,Squatting
177,3.54,98.31512575677596,98.97278149433569,107.43294075377824,36.73213607654149,Squatting,Squatting
178,3.56,100.5526505358782,100.69519397215437,108.80005864237378,35.28779097832089,Squatting,Squatting
179,3.58,103.38946006991527,103.3310088501208,111.2397954861535,33.65147605303246,Squatting,Squatting
180,3.6,105.3634867058213,106.45012591338502,114.24118909909127,32.32647404591918,Squatting,Squatting
181,3.62,111.82185911764478,110.71311312066123,118.56043752372639,31.22203313307712,Squatting,Squatting
182,3.64,114.17268349293003,114.50541002493136,122.70296359668892,30.376850487259087,Squatting,Squatting
183,3.66,119.74488129688582,118.97423301576661,127.3897052817778,29.795288495397045,Squatting,Squatting
184,3.68,122.45323170115617,122.86332910310657,131.59459761656,29.422098185963524,Squatting,Squatting
185,3.7,127.206507131717,127.08308465211438,136.13245036754708,29.02780125760527,Squatting,Squatting
186,3.72,129.09385888615938,130.588338418293,139.65313805457046,28.61131908854474,Squatting,Squatting
187,3.74,135.60331598104244,134.2395149037351,143.2427126990357,28.237651726789327,Squatting,Squatting
188,3.76,136.58951673892037,137.43857450427151,146.2597319830856,27.886898329010712,Squatting,Squatting
189,3.78,141.43195604610585,140.5234916256977,149.15048410667202,27.411615870593415,Squatting,Squatting
190,3.8,142.4269591642042,142.83823514439976,151.2728547217561,27.090964418674545,Squatting,Squatting
191,3.82,145.11219920183444,145.18747296641328,153.24644527515443,27.081220247409565,Squatting,Standing
192,3.84,147.56049403944402,146.96983475657714,154.48588367281178,27.06899355257122,Squatting,Standing
193,3.86,148.97441149197212,149.005764141913,155.65784238387965,27.299932368077933,Squatting,Standing
194,3.88,149.85336991432442,150.73463332074155,156.41394557308442,27.4918801210193,Squatting,Standing
195,3.9,153.6449845037759,153.00972102625545,157.4948832276135,27.870751799535725,Squatting,Standing
196,3.92,154.32046614883328,154.94433984617584,158.1550102812142,28.225012147396782,Squatting,Standing
197,3.94,157.51622928405544,157.21046866478264,158.9283982913338,28.927024458626555,Squatting,Standing
198,3.96,159.46924348522168,159.59639179766307,159.76619049549998,29.222563977687194,Squatting,Standing
199,3.98,162.9861286862487,162.1991958355284,160.79982418548633,29.666487714946996,Squatting,Standing
200,4.0,163.53490183571932,164.82715161272438,161.70452303720728,30.205298962868298,Squatting,Standing
201,4.02,168.3231803814855,167.86609347709717,162.86570337165082,31.057795729108825,Squatting,Standing
202,4.04,170.1096504594381,170.79962524528676,163.8827905799515,31.89226108041403,Standing,Standing
203,4.06,174.1177023216235,173.82067859028365,164.92672828220316,32.742597010563685,Standing,Standing
204,4.08,176.59432122460416,176.45559213746077,165.8424095030853,33.40340788542671,Standing,Standing
205,4.1,179.26908269738746,178.82644805747398,166.71575180355305,34.11536222978244,Standing,Standing
206,4.12,179.2818673653012,179.55530726713644,167.19976747179265,34.71230210914446,Standing,Standing
207,4.14,177.90189113568434,178.22104308328295,167.54644167820695,35.35429077906983,Standing,Standing
208,4.16,177.94447439017856,177.5962676654991,167.65961368588495,35.47668015143172,Standing,Standing
209,4.18,177.24205562635015,177.16756647728383,167.7301353887415,35.633267667470896,Standing,Standing
210,4.2,176.7619002455922,176.85896527818332,167.69243443665113,35.79244781481136,Standing,Standing
211,4.22,176.7221892334625,176.59111464918502,167.72661803697954,35.97296265130518,Standing,Standing
212,4.24,176.83100473507727,176.27372910077807,167.7670510975876,36.06488459524057,Standing,Standing
213,4.26,175.8290154436445,175.9758831333212,167.80773164756093,35.86349003720691,Standing,Standing
214,4.28,175.35510910670263,175.77853133826426,167.80486428013427,35.86052392269803,Standing,Standing
215,4.3,175.65254309195205,175.59335860412457,167.78013067994152,35.5389298555032,Standing,Standing
216,4.32,175.20874618613882,175.48238910608023,167.70994195941898,35.34349102394157,Standing,Standing
217,4.34,175.75949442030975,175.2901510785557,167.73653511937374,34.56548488124068,Standing,Standing
218,4.36,175.28558808336544,175.33122302981994,167.68071765503248,33.53483940068583,Standing,Standing
219,4.38,175.25162496967778,175.16600941834537,167.690372580892,31.769353359340602,Standing,Standing
220,4.4,175.21817734971646,175.08694181702427,167.64212735687224,29.638247952705395,Standing,Standing
221,4.42,174.41993002524273,174.96661018878197,167.70577491117504,26.56601249939087,Standing,Standing
222,4.44,175.25162496967778,174.81086582620642,167.71800404535713,23.2536073345645,Standing,Standing
223,4.46,174.34058403038873,174.77984360405233,167.6497265752077,19.042004813089733,Standing,Standing
224,4.48,175.36117089105983,174.72482689684477,167.57956707760675,15.139020914585828,Standing,Standing
225,4.5,174.3711852983552,174.7658945852942,167.40849226119718,11.078261611134943,Standing,Standing
226,4.52,174.89228666343672,174.94958873799888,167.18668692430504,7.679403438811645,Standing,Standing
227,4.54,174.92677725613,174.99058974925782,166.96260288236493,4.330872004201275,Standing,Standing
228,4.56,175.00483685294392,175.0451009618794,166.7161790220177,1.3312267333537129,Standing,Standing
229,4.58,175.44946596401977,175.04054273379495,166.4839611415792,1.472704794109555,Squatting,Standing
230,4.6,175.48795002579783,175.2827976143024,166.20942769161502,3.7317177890040423,Squatting,Standing
231,4.62,174.9038083706508,175.35974690946563,166.0182240113634,5.678233493419699,Squatting,Standing
232,4.64,174.94229243243004,175.4170324350748,165.79897313912423,6.832815499339966,Squatting,Standing
233,4.66,175.93542656793522,175.44869178862814,165.58613982184295,7.8804566379009975,Squatting,Standing
234,4.68,175.9780098224506,175.58011269643333,165.4349492362861,8.257420503476888,Squatting,Standing
235,4.7,175.47150326936318,175.71543965897598,165.1714070975473,8.495685315716091,Squatting,Standing
236,4.72,175.5519264081577,175.93144297341107,164.95017010035463,8.349776330161472,Squatting,Standing
237,4.74,175.99874350901183,175.97886938059145,164.81709101693215,8.275718508867861,Squatting,Standing
238,4.76,176.45904761675246,175.97526677104986,164.76408725750562,8.426328426424533,Squatting,Standing
239,4.78,175.87297212194017,176.08456924555148,164.59705288263146,8.656812395489384,Squatting,Standing
240,4.8,176.336895420501,176.31685919352475,164.3558379931243,9.035448351987176,Squatting,Standing
241,4.82,175.99874350901183,176.3297035677426,164.17675097240416,8.702064994043898,Squatting,Standing
242,4.84,176.44484840491455,176.3061158596573,164.09982987903453,7.781897279462141,Squatting,Standing
243,4.86,176.44484840491455,176.20822439171275,163.98974354293497,6.236730357160727,Squatting,Standing
244,4.88,176.52399137698583,176.20610741692494,163.97065359308624,4.869045440810386,Squatting,Standing
245,4.9,175.57704899499785,176.0657907858966,164.06234017785673,2.5809353644127584,Squatting,Standing
246,4.92,176.03253823280704,175.8677453950093,164.35964829906004,0.32058914821507206,Squatting,Standing
247,4.94,175.57704899499785,175.6943152724351,164.73940763956517,4.785831894477088,Squatting,Standing
248,4.96,175.9087429627465,175.63021246954082,165.00821455306183,9.976931520150302,Squatting,Standing
249,4.98,175.46872330163785,175.6642954933512,165.20104040428484,16.404338431096363,Squatting,Standing
250,5.0,175.46872330163785,175.79345777849912,165.27810212249355,23.00746297514692,Squatting,Standing
251,5.02,176.3690470704913,175.92540375795542,165.418271908135,30.288912599078692,Squatting,Standing
252,5.04,176.3690470704913,176.1295140364346,165.5714448009904,36.56582103954818,Squatting,Standing
253,5.06,176.71344971580595,176.6516285824676,165.60478387512455,41.32136311711162,Squatting,Standing
254,5.08,177.17982752681783,177.39569000478167,165.69692177545326,44.04277962008579,Squatting,Standing
255,5.1,178.42479985817732,178.63211884457434,165.6328210759894,45.49707471189938,Squatting,Standing
256,5.12,179.65041305111995,179.77860827008618,165.47681461388754,45.56139925436553,Squatting,Standing
257,5.14,177.08660141063734,177.3996362269859,164.93083919228883,44.93448408076969,Squatting,Standing
258,5.16,175.40519835442444,174.7137047780033,164.1279031169739,43.18464018741344,Squatting,Standing
259,5.18,171.02304118796297,171.66601540000562,163.21910862701822,41.64382550644069,Squatting,Standing
260,5.2,168.51800864505194,168.48863219799634,162.06466231237252,40.41577199309744,Squatting,Standing
261,5.22,164.3431872308279,165.0794133160758,160.67170679213805,39.44854825032,Squatting,Standing
262,5.24,162.72405623583566,162.0157982238611,159.40736177844727,38.782894586688144,Squatting,Standing
263,5.26,158.7597585476046,158.7220465318947,157.98986701235035,38.497918431564884,Squatting,Standing
264,5.28,155.88086044518545,155.92872026679507,156.81654228619834,38.45567385584215,Squatting,Standing
265,5.3,152.51124201356197,153.19014995673075,155.58115525182205,38.31351343465909,Squatting,Standing
266,5.32,151.3444208192992,150.6625492756222,154.41187106655124,38.05383916609762,Squatting,Standing
267,5.34,147.14481016065668,148.1264077584965,153.05122982402017,37.67222704734888,Squatting,Standing
268,5.36,146.8437464168394,146.15304586742704,151.82368379088422,37.176451852122376,Squatting,Standing
269,5.38,143.87870189287295,143.9483932905125,150.49887432406788,36.91204043397254,Squatting,Squatting
270,5.4,141.58567806963498,141.89350707697722,149.11458331705865,36.59935334662097,Squatting,Squatting
271,5.42,139.9257685344348,139.55121084097195,147.22682298053047,36.12867040067117,Squatting,Squatting
272,5.44,138.1301757237167,137.6450622375075,145.62455559244844,35.649056789803964,Squatting,Squatting
273,5.46,133.94376086831647,135.02490020531965,143.26792287033678,35.52182921956812,Squatting,Squatting
274,5.48,133.59125698319966,132.82752249354357,141.24494767659993,35.503138295943074,Squatting,Squatting
275,5.5,129.23292603908212,130.09127414631982,138.6777218586695,35.468391294847045,Squatting,Squatting
276,5.52,128.24362347086668,127.2052765849084,135.8463372791748,35.35261167918484,Squatting,Squatting
277,5.54,122.86769654593247,123.99968317476196,132.64362290427223,35.25594449210957,Squatting,Squatting
278,5.56,122.19767777885676,120.8887291378496,129.5386890106664,35.355833378864865,Squatting,Squatting
279,5.58,116.40009257472299,117.32789834736455,126.18960371227898,35.401222737652525,Squatting,Squatting
280,5.6,114.6245037995074,114.57880906982766,123.64683813138495,35.56445694086233,Squatting,Squatting
281,5.62,110.45217299255015,111.13515193518444,120.27500520375699,35.52707503238011,Squatting,Squatting
282,5.64,108.41259385738121,108.29428219424587,117.49618575528687,35.82580285594808,Squatting,Squatting
283,5.66,105.18969391900653,104.5586190025394,113.69992425786222,35.947519917269155,Squatting,Squatting
284,5.68,102.5728249446559,101.24472714083568,110.28154634183883,36.2521904699642,Squatting,Squatting
285,5.7,96.71142057034405,97.3656447998043,106.38491179000452,36.22098532514946,Squatting,Squatting
286,5.72,94.43506408942609,93.93200733552273,102.76389307863549,36.30293445143191,Squatting,Squatting
287,5.74,88.36805737272326,90.26711625064618,99.08206713634678,36.30142142217407,Squatting,Squatting
288,5.76,87.50022144785471,87.15323372400391,95.9545049884137,36.479814676765635,Standing,Squatting
289,5.78,84.6129184287972,84.41721179198576,93.42019529774088,36.38253256839121,Standing,Squatting
290,5.8,83.54118362129157,82.51890022764465,91.75917905147642,36.557377632888944,Standing,Squatting
291,5.82,80.21577000354083,81.02765949398301,90.54996606066996,36.46614073022034,Standing,Squatting
292,5.84,80.21577000354083,80.19688662635849,89.96182563880726,36.700884844664564,Standing,Squatting
293,5.86,79.32264506611305,79.67227197893439,89.55998804277951,36.457674226260316,Standing,Squatting
294,5.88,79.87251465536782,79.30839979129993,89.26378379966455,36.146881010890496,Standing,Squatting
295,5.9,80.7272195932826,80.14193318082296,89.96040529515562,35.50677612352175,Standing,Squatting
296,5.92,81.37739591209423,81.48264650414853,90.93087421974398,35.23910568238703,Standing,Squatting
297,5.94,83.8961144103501,84.10241875433412,93.25965866038489,35.09445852310991,Standing,Squatting
298,5.96,84.92406161610717,87.34631975984585,96.26402110339255,35.25309416993364,Standing,Squatting
299,5.98,93.57211299174922,92.13838020665051,101.07883829490156,35.52334377365892,Standing,Squatting
300,6.0,95.46002641193341,96.96980728453073,106.04775091175289,35.678826653257914,Standing,Squatting
301,6.02,105.63060609987821,103.02099378892888,112.31039700339898,35.755674885635926,Standing,Squatting
302,6.04,108.04576393986953,109.11881671805138,118.46605862398151,35.41732919341063,Standing,Squatting
303,6.06,117.70972414095453,115.81379856217026,125.12074738060541,35.244626709191365,Standing,Squatting
304,6.08,118.59911845872408,121.24851771628848,130.4201491002438,33.96558048158615,Standing,Squatting
305,6.1,127.81397508624032,127.07550661128872,135.84259629063337,33.94464900271799,Standing,Squatting
306,6.12,131.32363182799963,131.36839173522472,139.77647658760193,34.293321627520626,Standing,Squatting
307,6.14,136.58074915132028,135.7808726261147,143.87965290741752,36.97515432319152,Standing,Squatting
308,6.16,138.2928394002958,139.03208910382625,146.9347054433242,41.399615135922495,Standing,Squatting
309,6.18,143.20270638322577,142.43484634293068,150.00925713057924,49.368452276097834,Standing,Squatting
310,6.2,144.15621281282196,144.85145745771348,152.10505262973416,59.12892360668895,Standing,Squatting
311,6.22,147.83917673306132,147.51771741616983,154.10678573849714,71.04237675339854,Standing,Standing
312,6.24,149.33562579578242,149.6765825657251,155.56522733730802,80.08284173805845,Standing,Standing
313,6.26,152.58181956322946,152.2296830021653,156.9888763750699,92.26804671363317,Standing,Standing
314,6.28,153.9494771209443,154.520709976325,158.07581929934756,101.35129452224946,Standing,Standing
315,6.3,157.712475332413,157.1585947620164,159.28504882772555,111.40027705174143,Standing,Standing
316,6.32,158.68781174327177,159.65207106122136,160.23292953894725,118.13905087438907,Standing,Standing
317,6.34,163.599902969863,162.54848353956902,161.43544321518047,124.76490445739815,Standing,Standing
318,6.36,164.6080285805053,165.22230214915302,162.42989851634314,129.23220584418118,Standing,Standing
319,6.38,168.34094591170992,168.3273272163812,163.5424638216676,133.70929262808616,Standing,Standing
320,6.4,170.71818371966856,171.1361560066434,164.46523963498734,136.80399163010802,Standing,Standing
321,6.42,174.63951647924628,174.00923714465182,165.337525161624,139.96859514432848,Standing,Standing
322,6.44,176.00294408202865,176.61092200916585,166.23262750903314,142.69150002633302,Standing,Standing
323,6.46,179.79883695096177,179.35294931219178,167.09635138604222,145.54845377033453,Standing,Standing
324,6.48,179.4249092624892,178.68702971826585,167.48931641137534,147.95624183613828,Standing,Standing
325,6.5,176.88982967318273,177.03639703830984,167.5860367624862,150.17193086739704,Standing,Standing
326,6.52,175.20502492515774,175.97914378126367,167.25890716933134,151.84746423978058,Standing,Standing
327,6.54,174.78366391894681,175.14322017895526,166.8027450209587,153.59223705516777,Standing,Standing
328,6.56,175.6126203627678,174.79848203297271,166.0901767275244,155.16305149828094,Standing,Standing
329,6.58,174.41927241148213,174.45118014474866,165.4228117127538,157.04567199722158,Standing,Standing
330,6.6,174.79143142406318,174.54924454414478,164.67087081594366,158.7628385942212,Standing,Standing
331,6.62,174.43163951154264,174.78782169928175,164.01541981395812,160.52400015365563,Standing,Standing
332,6.64,174.5657240321417,174.85235429077196,163.8349936761794,162.20415551717795,Standing,Standing
333,6.66,174.98835395662348,174.8716976849669,163.6781867880286,163.64691423219602,Standing,Standing
334,6.68,175.43305438194483,175.05054315962505,163.45949469582683,164.98529467456822,Standing,Standing
335,6.7,175.51859168516975,175.00956022250648,163.41236640705245,166.09317852556282,Standing,Standing
336,6.72,174.6545546268763,175.11356108271102,163.24952231614043,166.91270831153284,Standing,Standing
337,6.74,174.98835395662348,175.1877128789149,163.10283460478672,167.52527020806033,Standing,Standing
338,6.76,174.98835395662348,175.17949797006287,163.0374166978578,167.7677376015119,Standing,Standing
339,6.78,174.98835395662348,175.15871076067074,162.85561201194406,168.12134316987303,Standing,Standing
340,6.8,175.85498753575118,175.19970600304958,162.68909948693755,168.3145678619556,Standing,Standing
341,6.82,175.43305438194483,175.2540581065735,162.55704192095303,168.405675308808,Standing,Standing
342,6.84,174.98835395662348,175.2962122329597,162.50161832431024,168.41919952875995,Standing,Standing
343,6.86,175.0359760818892,175.2960911152526,162.50330073915225,168.4284597814162,Standing,Standing
344,6.88,175.12480667662282,175.16943087041923,162.59299872529277,168.40406384169884,Standing,Standing
345,6.9,175.12480667662282,175.00975254825065,162.7806161411306,168.13413848796583,Standing,Standing
346,6.92,175.56621381043428,174.97095413961537,162.92876608686296,168.01510205308838,Standing,Standing
347,6.94,174.699073483112,174.94124275684746,163.24104646719178,167.65585100015326,Standing,Standing
348,6.96,174.5657240321417,174.9226792586003,163.53019348477528,167.15262024810298,Standing,Standing
349,6.98,175.01042445746916,174.91339333346724,163.74304169368997,166.56391588598228,Standing,Standing
350,7.0,175.01042445746916,174.92921937816362,164.0777282016765,165.96517232420172,Standing,Standing
351,7.02,175.37295935286187,175.1389808170503,164.25720937632272,164.57173101312492,Standing,Standing
352,7.04,175.79558927733115,175.59519308416407,164.3811196207944,162.87387816869347,Standing,Standing
353,7.06,176.08227055649394,176.43316183354958,164.37301894814573,160.2666681712875,Standing,Standing
354,7.08,177.0901090073701,177.36574728580175,164.32981993760274,156.82642284484967,Standing,Standing
355,7.1,179.03431167296304,179.03253406326164,163.96708478916665,152.41863980965064,Standing,Standing
356,7.12,179.23794871472467,179.00808541673808,163.43292273514203,147.59735128747963,Standing,Standing
357,7.14,175.8332173623618,176.23862956849504,162.59094656541518,140.99196820744007,Standing,Standing
358,7.16,174.32735869766853,173.21050829132332,161.52488536325504,133.2481564931078,Standing,Standing
359,7.18,169.0193499896204,169.74918412526662,160.31241415277077,124.02855291735582,Standing,Standing
360,7.2,167.13313685252885,166.45180271521087,159.21620938912812,114.14939159723109,Standing,Standing
361,7.22,161.72682706566533,163.20870197954991,158.03906607896255,103.20608952149713,Standing,Standing
362,7.24,160.7221077805939,160.3394929508257,157.15649550439798,92.37165866293962,Standing,Standing
363,7.26,156.29631904442104,157.35110114991966,156.13535442749904,80.98969131181697,Standing,Standing
364,7.28,156.20749702165708,154.9597630735967,155.36961952310827,70.46522124349379,Standing,Standing
365,7.3,152.4856346829806,152.28162897598423,154.30361830486464,58.98945859386238,Standing,Standing
366,7.32,150.42486236294812,150.2252534684824,153.50073946379547,50.672684201517505,Standing,Standing
367,7.34,146.47347849839585,147.76894170427317,152.34944364494828,43.82292601287323,Standing,Standing
368,7.36,145.90494851596375,145.8128888471374,151.45977813543502,40.28516883089826,Standing,Standing
369,7.38,142.64007871664603,143.21054027851835,149.9650726635753,38.15890085677095,Standing,Squatting
370,7.4,142.81529354668254,141.20013779604534,148.54948286787715,38.0371746647193,Standing,Squatting
371,7.42,138.54845141009125,138.8295434287712,146.55564383353357,37.497470519504276,Standing,Squatting
372,7.44,137.26475454814727,136.62772522109316,144.4820447312165,37.807053936581696,Standing,Squatting
373,7.46,131.81533254802437,133.7333058952696,141.57639871587392,37.65606378525645,Standing,Squatting
374,7.48,131.81533254802437,130.867675813663,138.52177450053318,37.705101010156625,Standing,Squatting
375,7.5,126.92603493739576,127.06891204598263,134.65077620153227,37.768352041314735,Standing,Squatting
376,7.52,124.71074361306265,123.97638630824137,131.52135622219694,38.31093309356123,Standing,Squatting
377,7.54,119.35878746397916,120.25448624700277,127.73217372911112,38.24139768561115,Standing,Squatting
378,7.56,116.61682055938435,117.2492500005297,124.83733006206175,38.750446290298115,Standing,Squatting
379,7.58,112.78910527166514,113.39170785394506,121.13325573636641,38.91955989355649,Standing,Squatting
380,7.6,112.45312326659236,110.54644238131489,118.41352146627679,39.281191120804344,Standing,Squatting
381,7.62,106.750264504993,107.20052044251192,115.12869863131708,39.663483042727584,Standing,Squatting
382,7.64,105.26471277184534,104.37106291991849,112.28120018669222,40.40012639510962,Standing,Squatting
383,7.66,99.60764206578743,101.20555464522373,109.09643674163169,40.690472433419124,Standing,Squatting
384,7.68,99.1914572826221,98.22054148745327,105.9462280501319,40.95250210090039,Standing,Squatting
385,7.7,94.15372317720713,95.3572706405552,102.93122354298586,41.361515769310934,Standing,Squatting
386,7.72,94.15372317720713,93.36711300195755,100.67573318399175,41.63754397426452,Standing,Squatting
387,7.74,90.98326775019538,91.44556327007177,98.47869185383102,41.82242447638244,Standing,Squatting
388,7.76,90.10649760879066,90.01257757767321,96.93587366794156,42.553791585893336,Standing,Squatting
389,7.78,89.03743590219314,88.6402694137582,95.57040099746197,42.93159841568388,Standing,Squatting
390,7.8,87.81732596924647,87.74295691733845,94.71400822640864,43.4185649938383,Standing,Squatting
391,7.82,87.00085936940675,86.92478398155333,93.98996997296427,43.72453982912125,Standing,Squatting
392,7.84,86.00171441845508,86.66948689079558,93.90402442997517,43.855108666874706,Standing,Squatting
393,7.86,87.02406859060844,86.54627589130818,94.01664057520671,43.69900240168923,Standing,Squatting
394,7.88,86.00171441845508,86.42076463471217,93.98013610089544,43.54931229391375,Standing,Squatting
395,7.9,88.03904511527092,86.79245679139939,94.29441102537476,43.232246902129035,Standing,Squatting
396,7.92,88.03904511527092,87.40486988617596,94.88611128535112,42.9108136258157,Standing,Squatting
397,7.94,89.04609377525168,89.32368551993665,96.94389869948436,42.61347004129892,Standing,Squatting
398,7.96,90.04469248665559,92.02001123088097,99.89988598738765,42.45901809598847,Standing,Squatting
399,7.98,95.3868423449166,96.30582621949515,104.38804134766991,42.430888924603,Standing,Squatting
400,8.0,99.93900571490002,100.94435476607053,109.36917348254025,42.375542897016004,Standing,Squatting
401,8.02,108.28380765163837,106.39672215543949,115.30968194309041,42.514271732842495,Standing,Squatting
402,8.04,112.3620156614426,111.65995398471284,120.92532560622921,42.35834432880259,Standing,Squatting
403,8.06,118.19356756035843,117.12467585278542,126.65654050369278,43.1992822490012,Standing,Squatting
404,8.08,120.76530583792541,121.34002421623525,131.1027985392115,43.716564327188,Standing,Squatting
405,8.1,125.76556347098277,126.06613032319133,135.92536660414768,45.32214362577938,Standing,Squatting
406,8.12,129.98819189353569,130.53994635644452,140.59116139691935,46.88038436555933,Standing,Squatting
407,8.14,135.45086892627452,135.21506832548795,145.3973323759167,49.33191598667768,Standing,Squatting
408,8.16,137.9316637041123,139.41624965062118,149.5680520295294,52.26308362192747,Standing,Squatting
409,8.18,144.73722325471527,143.2824278740668,153.15237141195945,56.99623086666862,Standing,Squatting
410,8.2,146.39576449726556,146.44610990512726,156.03816281285822,62.146934799186326,Standing,Standing
411,8.22,149.56373470747513,149.39630300282093,158.4715162156532,68.47440723356843,Standing,Standing
412,8.24,151.54560820766713,151.87370432953574,160.2084177806628,74.29089561977487,Standing,Standing
413,8.26,154.07223655482431,154.40121977092448,161.74972478754228,80.92624920100627,Standing,Standing
414,8.28,156.6946437031723,156.76802735447538,163.07095863189463,85.80453435387294,Standing,Standing
415,8.3,159.90569323909187,159.47666743428522,164.43435550039135,91.41507360683465,Standing,Standing
416,8.32,161.03935846688083,161.75254413670322,165.64011342457476,95.73402398085145,Standing,Standing
417,8.34,164.6932540438081,164.2216246434412,166.68924790271132,100.56917406366136,Standing,Standing
418,8.36,166.7840804305853,166.41433003621427,167.435393284653,104.84666680526668,Standing,Standing
419,8.38,168.62038534132458,168.51428464526694,167.868179761251,109.62768544722745,Standing,Standing
420,8.4,169.55961121656335,170.38279469319204,168.0436488439271,113.2251416163612,Standing,Standing
421,8.42,173.35321169113823,172.48227324096723,168.28951757462363,117.07273057634941,Standing,Standing
422,8.44,173.84595373105313,174.36355343285857,168.38473316273152,119.72627349341225,Standing,Standing
423,8.46,176.36982182026708,176.5560507349683,168.49886549276644,122.74087304257176,Standing,Standing
424,8.48,177.81765785233904,178.58663608606687,168.58727563393984,125.86323055408899,Standing,Standing
425,8.5,178.92042869372185,179.5735903153356,168.60384141772113,129.32143377186333,Standing,Standing
426,8.52,177.97977634931433,178.12336479544015,168.55623704365576,132.8184293007364,Standing,Standing
427,8.54,176.10698124458,176.99234240981937,168.18637618736378,136.49040535679381,Standing,Standing
428,8.56,176.72082522538602,176.3479285002848,167.6214957915323,140.40317448101501,Standing,Standing
429,8.58,175.840812833601,175.96249419403847,166.77841447742102,144.29930049705393,Standing,Standing
430,8.6,175.91794871810473,175.9554297712487,165.76471960378902,147.35808727544708,Standing,Standing
431,8.62,176.8201698794887,175.90757359546552,164.9175734446749,150.12165519732005,Standing,Standing
432,8.64,175.59304550419512,175.9510663856991,164.14740376517105,152.12575707607112,Standing,Standing
433,8.66,175.70656927022642,175.83245224519004,163.61822866443325,154.10917299750332,Standing,Standing
434,8.68,175.85150253839612,175.8500888207136,163.24961015744216,155.69948308746936,Standing,Standing
435,8.7,175.76041234565145,175.7772907577387,163.04740596029987,156.9972525012019,Standing,Standing
436,8.72,175.76041234565145,175.79622201858209,162.9538909989131,157.70758931551248,Standing,Standing
437,8.74,175.85150253839612,175.89598150036755,162.94315049351988,158.29759267897802,Standing,Standing
438,8.76,175.90617406712997,175.8247098774384,163.03614125734507,158.7642199688088,Standing,Standing
439,8.78,175.90617406712997,175.7048013291074,162.99798709496577,159.0787999920018,Standing,Standing
440,8.8,175.9958270587804,175.63857290135576,162.97206816973159,159.2249809846927,Standing,Standing
441,8.82,175.10324492538933,175.60811919242633,162.98089129419353,159.45426438485197,Standing,Standing
442,8.84,175.39663450682974,175.58084831194242,163.06956024312166,159.6588283886301,Standing,Standing
443,8.86,175.54439716621602,175.71609849112633,163.03504901711315,159.8773000145016,Standing,Standing
444,8.88,175.9958270587804,175.79670785197706,162.9746562333119,160.09191215349418,Standing,Standing
445,8.9,176.08407616806034,175.91087740867397,162.90639819689815,160.16492060559094,Standing,Standing
446,8.92,176.08407616806034,176.1234909721858,162.8210084697805,159.95628265731474,Standing,Standing
447,8.94,176.46640648605697,176.12754464155125,162.9104438427667,159.5555718008134,Standing,Standing
448,8.96,175.5813636175439,176.1386529396747,162.89512284301284,158.79157353894757,Standing,Standing
449,8.98,176.0294046393272,175.99317349106298,163.0639712049718,157.4836060068089,Standing,Standing
450,9.0,176.0294046393272,175.76519180770012,163.37185134089512,155.98872920383724,Standing,Standing
451,9.02,175.45275536512403,175.3935372639879,163.9634959645463,153.36350966803172,Standing,Standing
452,9.04,175.45275536512403,174.8680729201704,164.82758040540853,150.30641288868156,Standing,Standing
453,9.06,174.44844339660733,174.64279169130515,165.55727292789274,146.76941199767137,Standing,Standing
454,9.08,174.18011152179554,174.3888774608031,166.34684302158274,143.52015867070259,Standing,Standing
455,9.1,173.99585465474263,174.56273952426324,167.04913686291582,139.68763911668876,Standing,Standing
456,9.12,174.55630415840395,175.03329338364884,167.63853865285304,136.12714402826478,Standing,Standing
457,9.14,176.50216489262553,175.8505905795241,168.03890764597122,131.83084194500987,Standing,Standing
458,9.16,176.79044423110446,177.00278435038035,168.33752061791694,127.13715843506812,Standing,Standing
459,9.18,178.78702196906215,178.24851584596826,168.8012898782836,121.86488111806042,Standing,Standing
460,9.2,179.34359954172552,179.6551804732477,169.15508173253514,116.58743566245599,Standing,Standing
461,9.22,178.79912478284592,178.96070460578454,169.738986172845,110.32950173048218,Standing,Standing
462,9.24,177.7914522172509,177.59309167399476,170.2928750558208,104.52225011151356,Standing,Standing
463,9.26,176.17684932489522,176.00871897644782,170.58831587832836,97.71193277909663,Standing,Standing
464,9.28,174.24101370817158,174.49797775360076,170.63702773205324,91.61984197269291,Standing,Standing
465,9.3,172.89789508788002,172.8255906594184,170.44520595462185,84.76156092424554,Standing,Standing
466,9.32,171.274690345411,171.30168054037645,170.1337824099989,78.2746994410335,Standing,Standing
467,9.34,169.738625282483,169.8145734293687,169.60767115062407,71.34777331946101,Standing,Standing
468,9.36,168.4676887031983,168.62274212998565,169.2262241717561,64.8189429402671,Standing,Standing
469,9.38,167.14949824431847,167.51355796091144,169.04465774218892,59.7493042427226,Standing,Standing
470,9.4,166.38669997785397,166.38763019068574,168.7516979338574,56.72105225533281,Standing,Standing
471,9.42,165.56203985760843,165.1718975467563,168.6156534736818,53.947136513060045,Standing,Standing
472,9.44,164.6764624315475,164.02265618208432,168.36599379558422,53.05314782976066,Standing,Standing
473,9.46,162.4847344603988,162.67816844798273,168.10758671530024,52.61935909647608,Standing,Standing
474,9.48,161.05162633561227,161.423129450024,167.76291727781629,52.707426867369975,Standing,Standing
475,9.5,159.32438176471572,159.77988031391308,167.15237572611525,52.76923344806528,Standing,Standing
476,9.52,158.94759620891998,158.19921207901055,166.47348489274532,52.71805974774853,Standing,Standing
477,9.54,156.54703219549563,156.71971047138294,165.73703969428388,53.0557405660059,Standing,Standing
478,9.56,156.00875259766627,155.50513543681092,165.00216794066694,52.91421864400724,Standing,Standing
479,9.58,152.51607254758488,153.93813765487462,163.8653730779827,53.544567924724745,Standing,Standing
480,9.6,152.94478776218725,152.38965751380985,162.56396637095693,53.60080746917648,Standing,Standing
481,9.62,151.34654701059824,150.73974057838126,161.04959401976785,54.41408534885859,Standing,Standing
482,9.64,149.97105667970771,149.75539938131612,159.83476982798516,55.076432959803306,Standing,Standing
483,9.66,146.73308415621844,148.61890225424418,158.60721314768767,55.52377019073884,Standing,Standing
484,9.68,148.058243394662,148.02906918041268,157.8451102616727,55.508628585911566,Standing,Standing
485,9.7,146.58163049815553,146.888209827478,156.55146991352913,55.763374022606044,Standing,Standing
486,9.72,147.7449335240646,146.02672921330893,155.49301942411384,55.561360686279045,Standing,Standing
487,9.74,143.76208807851825,144.2782070801132,153.69454338846145,55.925410624428125,Standing,Squatting
488,9.76,143.00914029681422,141.9977500563579,151.43138953224548,55.86395426399685,Standing,Squatting
489,9.78,138.43820365846076,138.67205140348918,148.27990312045824,56.202278096692666,Standing,Squatting
490,9.8,135.6256700690627,135.12290222923687,144.85357801603442,56.33490706987691,Standing,Squatting
491,9.82,128.43636525476967,130.47559545607416,140.24248779597266,57.08500322719563,Standing,Squatting
492,9.84,127.35706980708781,126.65682681313346,136.38871689364674,57.24725973984004,Standing,Squatting
493,9.86,124.02395523530366,122.8047486849703,132.5751335628287,57.69363986169101,Standing,Squatting
494,9.88,119.38813860049027,119.60036345493516,129.34544486084218,57.627027712370946,Standing,Squatting
495,9.9,115.44843670983761,116.66634529720163,126.22571907133619,57.78173452606419,Standing,Squatting
496,9.92,115.44843670983761,114.6851238002906,124.16493021763664,57.604208033000724,Standing,Squatting
497,9.94,112.8746798498197,112.97655194704046,122.32346016395267,57.625986777935374,Standing,Squatting
498,9.96,110.84448835464501,111.93779312211856,121.22508387106527,57.31907229555944,Standing,Squatting
499,9.98,111.48643101064972,111.6127889282475,120.6082123658139,57.10823070586295,Standing,Squatting
500,10.0,112.19961964566332,111.32841139938758,120.05526569101089,56.677277375758216,Standing,Squatting
501,10.02,112.26888125090892,111.10438530044077,119.64724643610923,56.33539564484418,Standing,Squatting
502,10.04,110.91513662896801,111.05988678025011,119.46795486876253,56.13831670509408,Standing,Squatting
503,10.06,112.33122701467386,111.587899236192,120.01707006653238,56.063658038184435,Standing,Squatting
504,10.08,111.70839693891024,112.10889675836573,120.50879715956881,55.69049721951353,Standing,Squatting
505,10.1,114.49313817826045,114.73516592362074,123.00843749548045,55.477804955622375,Standing,Squatting
506,10.12,116.80337131804072,119.04099816284084,126.96474959017142,55.51966371965298,Standing,Squatting
507,10.14,124.77495261532356,125.5155800485775,132.89279443110277,55.77028276612208,Standing,Squatting
508,10.16,130.65103055207086,132.28828562660888,139.06530135329072,56.06825678627997,Standing,Squatting
509,10.18,142.34079954978355,140.27279924326285,146.4242001135595,56.89690249563452,Standing,Squatting
510,10.2,148.13053685515274,146.26534802943215,152.0313729562345,57.897920737265736,Standing,Standing
511,10.22,152.13299615006784,151.62448375354015,157.15636561073208,58.90558194207346,Standing,Standing
512,10.24,156.33076227695872,155.65451760198297,161.24741929101722,59.780360781563104,Standing,Standing
513,10.26,158.91379470363592,159.26205217186535,165.15465302033263,61.30179336476805,Standing,Standing
514,10.28,158.91379470363592,161.63425737720542,167.87469676502073,62.430793055540136,Standing,Standing
515,10.3,163.79209814414554,163.50907263275113,170.19696957014327,64.62522497321419,Standing,Standing
516,10.32,166.00032363272166,165.18788385253578,172.18921679898594,67.02156785003108,Standing,Standing
517,10.34,167.73411887149726,166.51769342117834,173.80901276767355,70.24651264362633,Standing,Standing
518,10.36,166.75613110478915,167.59039092120892,175.20934845012354,73.15096428102308,Standing,Standing
519,10.38,167.84339350177572,168.4839040730757,176.30388510361337,76.97297552927003,Standing,Standing
520,10.4,169.5074904262464,169.1396513606141,177.0357091884561,80.50026714749376,Standing,Standing
521,10.42,170.23829390042937,169.98777799447222,177.51741425244654,84.2760456167543,Standing,Standing
522,10.44,170.31183079745375,171.11552096660927,178.15613337736343,87.61389555716754,Standing,Standing
523,10.46,172.60888352137042,172.30821625159643,178.4000150384476,91.70879680134644,Standing,Standing
524,10.48,173.7175079113054,173.60202152440553,178.50005693148617,95.18452262289574,Standing,Standing
525,10.5,175.1972564177873,174.8411212449255,178.47191851247362,99.35890058469235,Standing,Standing
526,10.52,176.35620142256,176.3425837535383,178.57553309310597,103.30965123223304,Standing,Standing
527,10.54,176.90527411048805,177.75682150228022,178.36472187292472,107.88409013619618,Standing,Standing
528,10.56,179.688718682831,178.97927067906662,177.96011367294483,112.38802972644123,Standing,Standing
529,10.58,179.79714402307232,179.6997996737316,177.3036652334,116.97711185458853,Standing,Standing
530,10.6,177.66660504619514,178.08817248537912,176.88221604724703,121.13298170899384,Standing,Standing
531,10.62,177.05662142217093,176.31282397141385,176.42637651379093,125.05099303283065,Standing,Standing
532,10.64,174.97255961367526,174.4428269558584,176.2699962964169,128.22507733229975,Standing,Standing
533,10.66,172.86239670469874,172.838049550067,175.880308617612,130.52340516121063,Standing,Standing
534,10.68,170.1726647679034,170.87569074431252,175.99951710579407,131.80318849240427,Standing,Standing
535,10.7,169.42200734316825,169.43221246847747,176.00004159969515,132.51622474650205,Standing,Standing
536,10.72,168.41926286120986,168.30274412823218,176.07816253139728,132.6229230683254,Standing,Standing
537,10.74,167.6325551667125,167.64098709953063,176.05515986270578,132.17934748646857,Standing,Standing
538,10.76,166.3997930043851,167.53592869849365,175.9089851551569,131.5360251597471,Standing,Standing
539,10.78,168.45484328776237,167.73162268375557,175.6825787857812,130.1636508683821,Standing,Standing
540,10.8,168.30528982147212,168.16722395760618,175.7083638679555,128.72072125696076,Standing,Standing
541,10.82,168.2222208734033,168.67947250666674,175.80584536823443,127.07362298629438,Standing,Standing
542,10.84,169.65230600539326,169.1898455096117,176.0297514367407,125.6929779645954,Standing,Standing
543,10.86,169.41870516220402,169.60365080264967,176.15411292352368,123.83297048661446,Standing,Standing
544,10.88,170.37438939615137,169.63477858840582,176.60670319782335,122.38380280737438,Standing,Standing
545,10.9,169.52484564090074,169.8572697923335,176.84453339330642,120.8953422092528,Standing,Standing
546,10.92,169.91994375871255,170.00026579478651,176.98245049066293,119.57608424949052,Standing,Standing
547,10.94,169.9233601190621,170.05874765537024,177.1723735249782,117.945188188659,Standing,Standing
548,10.96,169.94566439983072,170.3228835200889,177.1356148832524,116.59535971748947,Standing,Standing
549,10.98,170.78083499412887,170.4044234332515,177.11085433401766,114.93733485989831,Standing,Standing
550,11.0,170.7842513544782,170.71796442916073,176.8931344704139,113.6342815691958,Standing,Standing
551,11.02,171.1762040874293,170.94104571529084,176.60142217904846,111.57251099682091,Standing,Standing
552,11.04,171.24032760349186,171.21450636344375,176.24086331004307,109.41717809838524,Standing,Standing
553,11.06,170.84422960460194,171.6049545843556,175.81901582360283,106.79187443082527,Standing,Standing
554,11.08,172.06788407646764,171.79801067459454,175.67564201386688,104.40738271979588,Standing,Standing
555,11.1,172.12851450834745,172.06492598163058,175.49828347247657,101.86399712866952,Standing,Standing
556,11.12,172.57090647967988,172.4315399757036,175.31902682777178,99.47069288941168,Standing,Standing
557,11.14,173.01473814752538,172.64141160201126,175.29291686931535,97.3901216883083,Standing,Standing
558,11.16,172.13690566208655,172.93588892549988,175.14830831837702,95.92723524325952,Standing,Standing
559,11.18,173.0280906943578,172.88224034824694,175.11760843736576,94.87788091312763,Standing,Standing
560,11.2,173.30627974927356,172.788280173205,175.08250198951944,94.29472806187849,Standing,Standing
561,11.22,172.14699946305376,172.49814548835795,175.1009284106699,93.45390535856583,Standing,Standing
562,11.24,172.92648460398388,172.13089191325489,175.1344987110793,92.75344587586417,Standing,Standing
563,11.26,171.25383773724366,171.79202237053406,175.23004558638033,91.89367529181264,Standing,Standing
564,11.28,171.19320730536361,171.36672778151092,175.37450997809626,91.19677187111434,Standing,Standing
565,11.3,170.73547601467493,170.9979968952424,175.57497366342858,90.3324203518649,Standing,Standing
566,11.32,170.73547601467493,170.77639180881025,175.84220112029868,89.8078620965222,Standing,Standing
567,11.34,170.73547601467493,170.40460455888567,176.14126231345716,89.60772581391765,Standing,Standing
568,11.36,170.67046035710987,170.32350759883272,176.22593793729732,89.863732182722,Standing,Standing
569,11.38,169.82480727756223,170.13172303381964,176.52490839915774,90.22015045368542,Standing,Standing
570,11.4,169.82480727756223,170.141913804482,176.58983332677616,90.18015600693225,Standing,Standing
571,11.42,169.42771417357295,169.90318325832223,176.9943762333319,90.15839403225827,Standing,Standing
572,11.44,169.82480727756223,169.64403100322468,177.35550307168813,90.34908358206278,Standing,Standing
573,11.46,169.3841859531918,169.02264506677378,178.43655768989632,90.46602201327825,Standing,Standing
574,11.48,168.98709284920196,168.19213638802566,179.9498356591881,90.73709246139055,Standing,Standing
575,11.5,166.4461553547813,166.80975553117554,177.4783060210479,90.67928639087162,Standing,Standing
576,11.52,165.56126935197625,165.20171910934616,174.6108592836646,90.63664524839814,Standing,Standing
577,11.54,162.5538102596942,163.2500770338641,171.20936851545002,90.67929039118543,Standing,Standing
578,11.56,161.24548257364373,161.18302512614466,167.54224594580035,90.24680987141356,Standing,Standing
579,11.58,158.62051081696353,158.78529406310085,163.3262102701196,90.03055189292688,Standing,Standing
580,11.6,157.24847911362508,156.51498179585633,159.50872472905058,89.900863915856,Standing,Standing
581,11.62,154.21881480550232,153.900311377118,155.39524349114953,91.52593458870847,Standing,Standing
582,11.64,151.55512813442795,151.6287933381913,152.00888412017514,94.32618310917617,Standing,Standing
583,11.66,148.14294438100396,149.30909733237885,148.41905406999473,97.43018774234407,Standing,Standing
584,11.68,147.42182242733188,147.40769339045173,145.46061119977412,99.85555220013936,Standing,Standing
585,11.7,144.75493041860338,145.39216041037128,142.36836907089605,100.91286669267826,Standing,Standing
586,11.72,144.80609275984645,143.97080645463473,139.95113887502254,100.14633030154974,Standing,Squatting
587,11.74,142.38865841939324,142.28503505102378,137.19117234370012,98.02170854900679,Standing,Squatting
588,11.76,141.2125425062918,140.88114279403595,134.75181709106775,94.78488519646757,Standing,Squatting
589,11.78,137.73272745382934,138.68702702439262,131.626314210273,92.1578555767231,Standing,Squatting
590,11.8,137.49865612071594,136.39854907840285,128.79801194151923,90.48330270121839,Standing,Squatting
591,11.82,132.51612386180514,133.46326324618855,125.60597603942274,89.60166253496422,Standing,Squatting
592,11.84,131.94535002428466,130.48561601888397,122.70960765609549,89.5830559024233,Standing,Squatting
593,11.86,125.52844530646934,126.62877718691398,119.14725538394558,89.18611572679553,Standing,Squatting
594,11.88,123.83659102393553,123.07567928681107,116.0379705688552,88.93821457257847,Standing,Squatting
595,11.9,118.61500316376996,118.80499263338879,112.08710329167788,88.25615489705423,Standing,Squatting
596,11.92,115.09625046266987,115.03060236005605,108.78504966683793,87.34269440663705,Standing,Squatting
597,11.94,109.64494924715376,111.08447461875106,105.17366211961098,86.45063988196806,Standing,Squatting
598,11.96,109.4571367279849,108.23308432398518,102.53553197178579,85.6806168635288,Standing,Squatting
599,11.98,103.36224989563814,104.81442619255438,99.42646616073803,84.78668620197553,Standing,Squatting
600,12.0,102.70898252250814,102.22839178313204,97.1269321719577,84.19860600063848,Standing,Squatting
601,12.02,99.74949202950197,99.05867137390263,94.41863725822478,83.2329681795124,Standing,Squatting
602,12.04,97.8857721528344,96.22792625550213,92.1173466797567,82.84498028665072,Standing,Squatting
603,12.06,91.83961068533411,93.22519627077367,89.53339333444882,81.96954684843811,Standing,Squatting
604,12.08,91.62012067849237,91.0911678411273,87.57048621466099,81.36858352372269,Standing,Squatting
605,12.1,86.44397187520153,88.85159228065447,85.3509161882711,80.60097535191926,Standing,Squatting
606,12.12,88.07656984198226,87.42381596754348,83.90920733864714,80.18332357738137,Standing,Squatting
607,12.14,86.4282673828853,86.16612494335709,82.35378411778557,80.06922419704567,Standing,Squatting
608,12.16,86.20532773168802,85.54423461358424,81.45285062351087,80.04764856497522,Standing,Squatting
609,12.18,84.66239822536093,84.3975787060985,80.04174649878237,79.93949474226845,Standing,Squatting
610,12.2,84.03193366396246,83.67406387066622,79.0844948181558,80.00962963003418,Standing,Squatting
611,12.22,81.67720895443178,82.40023759200382,77.72704792241174,80.04360786054518,Standing,Squatting
612,12.24,81.67720895443178,81.45881022445037,76.80112389715214,80.47549197005435,Standing,Squatting
613,12.26,79.91290618696513,80.59356951470265,75.83840132624819,80.52135317539008,Standing,Squatting
614,12.28,80.5446168472385,80.09692347407366,75.32687635733724,80.4496313912844,Standing,Squatting
615,12.3,79.86937337092836,79.76670585914174,74.91021726559445,80.4775820941257,Standing,Squatting
616,12.32,79.36450111300212,79.68298788131987,74.74101469767025,80.31595571469919,Standing,Squatting
617,12.34,79.81422327050036,79.62308362182988,74.63231949938532,80.22650207384766,Standing,Squatting
618,12.36,79.81422327050036,79.7763869602021,74.87312232039129,80.34455342646794,Standing,Squatting
619,12.38,79.81422327050036,79.82325322254603,74.98954580734328,80.36711093735217,Standing,Squatting
620,12.4,79.81422327050036,79.7502826279551,75.05830156556543,80.19428165379747,Standing,Squatting
621,12.42,80.50131683890118,79.79946340427806,75.23572284498623,80.17195205060239,Standing,Squatting
622,12.44,80.29334759067088,80.06391152356031,75.4651600384543,80.29766480255648,Standing,Squatting
623,12.46,80.50131683890118,80.98248753711844,76.17109671613571,80.32139901119685,Standing,Squatting
624,12.48,80.50131683890118,82.0791496501666,77.07132373122379,80.28930481641935,Standing,Squatting
625,12.5,83.86777750232719,83.82600098168922,78.53550309388868,80.63544615613614,Standing,Squatting
626,12.52,86.28067754274531,85.50446406360139,79.939326459618,80.71327616289851,Standing,Squatting
627,12.54,88.71889359762355,87.82607905449552,81.97772107364085,81.36856462111129,Standing,Squatting
628,12.56,89.21085183985494,89.69007430309922,83.8259043363471,81.97084668831484,Standing,Squatting
629,12.58,92.59816706235642,91.7855041465111,86.23080343317278,83.19884939740038,Standing,Squatting
630,12.6,92.6758153141046,93.458594048895,88.52662458876493,84.4358464212161,Standing,Squatting
631,12.62,96.81422820868065,96.1534377594135,91.7198983146086,86.64570343358872,Standing,Squatting
632,12.64,96.82871827258732,98.91748638560584,94.87652532986831,89.43885984448089,Standing,Squatting
633,12.66,102.50825869916828,102.34966862230904,98.80506815446223,92.47866895970213,Standing,Squatting
634,12.68,105.36171614783389,105.64319030351511,102.79444227907643,95.51189512262214,Standing,Squatting
635,12.7,111.736814497339,109.35207567383632,107.04005317070445,98.60755459815725,Standing,Squatting
636,12.72,111.85168338813698,112.69106538722069,110.83821389259361,101.30008219887927,Standing,Squatting
637,12.74,116.42732120313285,116.25517803905939,114.84083048387706,104.60481734017279,Standing,Squatting
638,12.76,118.43306686446321,119.24249673943913,118.09381033515538,107.60497302871002,Standing,Squatting
639,12.78,122.63904416829205,122.72387349043292,121.89813197149039,111.25563623581584,Standing,Squatting
640,12.8,125.47656231697815,125.83727607240436,125.08434477994949,113.984570775357,Standing,Squatting
641,12.82,129.72707590426523,129.3482427606494,128.70467968645963,117.15338348210625,Standing,Squatting
642,12.84,132.85155758168065,132.27388136126936,131.84495383103337,118.86673774516171,Standing,Squatting
643,12.86,137.16829225045643,135.65195507568248,135.73640073616224,120.10642910116809,Standing,Squatting
644,12.88,137.43718218938014,138.9038154669362,139.7670499601773,120.80313719589441,Standing,Squatting
645,12.9,141.59896305648365,142.5639582130606,144.2745147315405,121.57949365048826,Standing,Squatting
646,12.92,144.8761346006466,146.2160875859553,148.98789059616908,122.71706698997625,Standing,Standing
647,12.94,151.25435756501724,149.95307042827864,153.8402918733466,124.89534630292184,Standing,Standing
648,12.96,153.60551561497292,153.29030872061128,158.0353360155785,126.60214835029757,Standing,Standing
649,12.98,157.67919313095118,156.7046427699827,162.38346385799815,129.03037496614158,Standing,Standing
650,13.0,159.04927993185024,158.7570304969402,165.0161842212142,130.56602786652604,Standing,Standing
651,13.02,160.64092663904188,160.39853997543918,167.34547295651126,132.4108185889044,Standing,Standing
652,13.04,161.1406457576262,161.7559873633434,169.20256871861375,132.41672252998998,Standing,Standing
653,13.06,163.67484804933972,163.5174438645421,171.3846676861863,132.57908946272676,Standing,Standing
654,13.08,162.72084348671441,165.1089350826112,173.382321351477,132.62149057899097,Standing,Standing
655,13.1,167.87451522597377,167.21589451753863,175.72725352326916,133.28783290654079,Standing,Standing
656,13.12,170.24846813713643,169.2648795855748,177.98712291097138,133.88005432652471,Standing,Standing
657,13.14,171.57989265077703,171.1194787770515,179.99063160669922,134.80266234907668,Standing,Standing
658,13.16,171.98290692611954,172.47389327984328,178.43262180013852,135.4928236683974,Standing,Standing
659,13.18,174.21159361401368,173.47425397586704,177.28578729623138,136.48953301278047,Standing,Standing
660,13.2,173.3482572345234,173.5108859924608,177.25800060261946,136.73901443876673,Standing,Standing
661,13.22,173.3482572345234,173.48033398262953,177.13096104855796,137.43697098348235,Standing,Standing
662,13.24,173.3482572345234,173.34035854813345,177.21472801339144,137.8744834516225,Standing,Standing
663,13.26,172.83728514844884,173.07111682760217,177.40131353556887,138.32401211290227,Standing,Standing
664,13.28,172.83364755214367,172.70773328398138,177.61427464053466,138.83384743551179,Standing,Standing
665,13.3,172.50030183017964,172.5673076859942,177.69888914225174,139.15285284966475,Standing,Standing
666,13.32,172.55119375480083,172.56192712663412,177.56157565367863,139.03969840432273,Standing,Standing
667,13.34,172.50030183017964,172.76149958740822,177.34286531071425,139.0493719048208,Standing,Standing
668,13.36,172.95490336512046,173.03736654807796,177.0199333823012,138.86744507419724,Standing,Standing
669,13.38,173.01688264955484,173.34140251003458,176.89095135479644,138.48710810877702,Standing,Standing
670,13.4,174.31639778935562,173.79506563273972,176.62532641752816,138.56258566143737,Standing,Standing
671,13.42,174.24981843135407,174.0498753084575,176.69305800972214,138.68283321417906,Standing,Standing
672,13.44,173.85839306400663,174.34993279621895,176.77337157299232,137.94821976191915,Standing,Standing
673,13.46,174.24981843135407,174.24198839846798,177.3360774783596,136.50734241971935,Standing,Standing
674,13.48,174.2609015015937,173.79147869182674,178.32470479304163,134.3985819181431,Standing,Standing
675,13.5,172.92362182211045,172.9526038625088,179.7503326609681,131.92161126456386,Standing,Standing
676,13.52,172.87498365084346,172.15509618356432,179.0094151034405,129.906582041456,Standing,Standing
677,13.54,170.19294824090954,171.03054760291656,177.08235992532323,128.30473593765336,Standing,Standing
678,13.56,169.22633634289525,169.81071420644284,175.13003956094934,127.3434255968726,Standing,Standing
679,13.58,168.28031771183484,168.32668017313168,172.62785053302417,126.19375560823282,Standing,Standing
680,13.6,167.3095085579478,166.92122443962822,170.21234072480658,125.50239418028545,Standing,Standing
681,13.62,164.57252786135143,164.7482472140489,166.8671307810962,124.23500496619407,Standing,Standing
682,13.64,163.21535757211808,162.39110485861158,163.60125243199428,122.24682818487987,Standing,Standing
683,13.66,159.1961346234409,159.15948444519287,159.38348259853692,120.12743056180646,Standing,Standing
684,13.68,156.5250815802226,155.45166906679248,154.75587415121754,117.90317051624187,Standing,Standing
685,13.7,150.06967283419982,151.19672873078082,149.75929663539682,115.48227554246304,Standing,Standing
686,13.72,147.58955062778202,147.37063305970764,145.41109513761342,113.18050902012487,Standing,Standing
687,13.74,142.33372715653277,143.30333375804472,140.85066020840367,110.3025377188631,Standing,Squatting
688,13.76,139.2794635302058,139.68468987798371,137.16129607761502,107.52011900232384,Standing,Squatting
689,13.78,135.05220683976108,135.48727102404993,133.1065330492702,103.92641624666268,Standing,Squatting
690,13.8,134.17210588378293,131.71307919167887,129.65287778663023,100.65891593927401,Standing,Squatting
691,13.82,127.24228972782326,127.5053743983742,125.67137035586997,97.47947553378634,Standing,Squatting
692,13.84,124.18556257450165,123.96855548032478,122.48658062367522,94.55292665710871,Standing,Squatting
693,13.86,117.28905366139816,119.90914223190153,118.65987224184109,91.91638457003178,Standing,Squatting
694,13.88,116.98762174648935,116.16626755156187,115.03779002011692,89.60436801847426,Standing,Squatting
695,13.9,112.581897108366,112.45566510769338,111.21683870362166,86.8723899868604,Standing,Squatting
696,13.92,110.97296434563523,109.30840359767099,107.9623959578458,84.40335589338824,Standing,Squatting
697,13.94,104.14633225455242,105.72073498782726,104.24272365498237,81.77510052133924,Standing,Squatting
698,13.96,103.18956488144845,102.66585396352824,100.99920357528794,79.760035805739,Standing,Squatting
699,13.98,98.74976035845967,98.73587187306343,97.00184905845629,77.03861570672912,Standing,Squatting
700,14.0,95.06123111734344,95.22223128656141,93.44613876910465,74.76159058239702,Standing,Squatting
701,14.02,91.43841625412864,91.69621832700415,89.73743784828514,72.5608567718452,Standing,Squatting
702,14.04,89.93639105637102,88.79377754215166,86.69728555689508,70.59457966053688,Standing,Squatting
703,14.06,84.37566904877538,85.4752203082182,83.29682702249887,68.19265968300218,Standing,Squatting
704,14.08,83.31458954456546,83.17534340449978,80.8259940204316,66.54164380143992,Standing,Squatting
705,14.1,80.82554708770577,81.15390956628696,78.39419181701103,64.41988696724053,Standing,Squatting
706,14.12,79.09490615474101,79.25515588352518,76.39212814139727,62.86687604368756,Standing,Squatting
707,14.14,76.73282217414148,77.25899007423604,74.26447513933859,61.374781819191476,Standing,Squatting
708,14.16,77.56325554832311,75.74540026394016,72.52313301062568,60.15725343364768,Standing,Squatting
709,14.18,73.97790862655651,73.76076762506433,70.60607788728345,58.81509313641883,Standing,Squatting
710,14.2,71.34693839006147,72.11561221248277,69.04528034508573,58.087089405833034,Standing,Squatting
711,14.22,69.76078614790546,70.32210002406883,67.35615238363395,57.790437697696106,Standing,Squatting
712,14.24,69.22774531797066,68.79145202150514,65.93696549701323,57.78100811050991,Standing,Squatting
713,14.26,67.00682002151358,67.21486699571258,64.37152245311619,57.754927509909194,Standing,Squatting
714,14.28,66.93058727533295,66.37439290976921,63.51494673540014,58.31613538401535,Standing,Squatting
715,14.3,65.01617608460747,65.73660002283202,62.72240022814633,58.671005120323116,Standing,Squatting
716,14.32,65.47947119870199,65.27831712105055,62.27095935166486,59.12549717093534,Standing,Squatting
717,14.34,64.60813365347568,64.93280749555913,61.92218497705023,59.2951414937097,Standing,Squatting
718,14.36,65.22812284632043,64.94804902660239,61.81784658689191,59.287535295653754,Standing,Squatting
719,14.38,65.39071240065302,65.20624864413148,61.941702480930225,59.2557726182465,Standing,Squatting
720,14.4,65.39071240065302,65.58201679977533,62.03179902441386,59.0386821924506,Standing,Squatting
721,14.42,65.39071240065302,65.80443675975107,62.086948358897565,59.01035830207632,Standing,Squatting
722,14.44,66.36142130165277,66.0442012542165,62.22705914606997,58.86927049300636,Standing,Squatting
723,14.46,67.16798300475119,66.1422470148581,62.21878818538929,58.763758976106324,Standing,Squatting
724,14.48,65.79728258578906,66.3558407262569,62.376047093765656,58.64787338648546,Standing,Squatting
725,14.5,66.36142130165277,66.63632009302883,62.5860023545017,58.76464635812669,Standing,Squatting
726,14.52,66.36142130165277,66.74119526868928,62.7261146634617,58.807292519713194,Standing,Squatting
727,14.54,67.08762353399078,66.89808686682275,62.93712233186831,58.82776514830817,Standing,Squatting
728,14.56,67.65579905614103,66.9463290731897,62.93792576220604,58.95971781056993,Standing,Squatting
729,14.58,67.65579905614103,67.45833191572424,63.315937405353765,59.1823687797767,Standing,Squatting
730,14.6,67.32633826162724,67.79943483613846,63.48928580657331,59.39126716367701,Standing,Squatting
731,14.62,68.69643949562484,68.66203095879783,64.33858559276949,60.153278309286996,Standing,Squatting
732,14.64,68.52596194540565,69.44433098263562,65.28610471652208,60.76123915052831,Standing,Squatting
733,14.66,71.56217011009139,70.8724454844305,66.79341709146786,61.91098778480655,Standing,Squatting
734,14.68,72.11711627929493,72.18782062345507,68.0803744434678,62.78687404835567,Standing,Squatting
735,14.7,75.1422238715129,74.32610487665946,70.27486155229548,63.81938324264868,Standing,Squatting
736,14.72,75.21450831664275,76.2707861196245,72.26499277356616,64.39873591894136,Standing,Squatting
737,14.74,79.25512666886925,78.87644236269036,74.95099325063127,65.08315088986805,Standing,Squatting
738,14.76,79.690887913358,80.88279595630902,77.11197740633226,65.63161056519276,Standing,Squatting
739,14.78,85.58926577928014,83.66270684276452,80.13367787402458,66.3464294760899,Standing,Squatting
740,14.8,85.58943707491312,86.34892884773758,82.87270198887916,67.10131332497168,Standing,Squatting
741,14.82,90.31813181734492,89.73692945765538,86.53408972107188,68.20152783193488,Standing,Squatting
742,14.84,90.95669218781048,92.62813389558514,89.65781303365101,69.05155803638007,Standing,Squatting
743,14.86,97.78450698697218,96.71664148270409,93.74648141719194,70.56570864552776,Standing,Squatting
744,14.88,100.11729957880938,100.60727222190614,97.35344375913046,71.07748332745406,Standing,Squatting
745,14.9,105.56006493435807,105.53174146568861,101.8792356980206,71.6234214789645,Standing,Squatting
746,14.92,108.64322592277477,110.39837306613934,106.2439314013428,71.46326051572107,Standing,Squatting
747,14.94,117.39051393146039,115.21814592778559,110.84355676529431,71.71716055821445,Standing,Squatting
748,14.96,118.7735697513883,119.43575630675278,115.05828535120163,71.86366520413806,Standing,Squatting
749,14.98,125.25097533130645,123.77034521856551,119.5260149835467,72.61073587941507,Standing,Squatting
750,15.0,127.53099790420926,127.56394773511106,123.33529937834514,73.7389327598007,Standing,Squatting
751,15.02,129.91074909160582,131.39259232312713,127.75249316291357,76.70387449031041,Standing,Squatting
752,15.04,134.48996202300305,134.61192940102129,131.63228299234777,79.7650918982155,Standing,Squatting
753,15.06,138.92816599596065,138.5240011634547,136.58231450974884,83.44003980537917,Standing,Squatting
754,15.08,142.00704493354536,141.86894091068993,141.0100528502693,87.05215403813283,Standing,Squatting
755,15.1,146.8460018188011,145.96640114535887,146.23771513448153,89.99177047432815,Standing,Standing
756,15.12,148.72519451763318,150.01297776107754,151.507829350512,92.25076410062981,Standing,Standing
757,15.14,154.07614318202522,153.95660159639942,156.85900393879373,94.06024474174902,Standing,Standing
758,15.16,156.23962766327307,157.62881728550406,161.7979371274889,95.26585217450359,Standing,Standing
759,15.18,162.62648459328463,160.98038632887622,166.03876439763528,96.85062930150293,Standing,Standing
760,15.2,164.41795004131134,163.81054049349675,169.18636214148114,99.07068174687213,Standing,Standing
761,15.22,167.49356845876972,166.40328108224108,172.09502770836266,102.2723725412778,Standing,Standing
762,15.24,167.49356845876972,168.25279490568894,174.0673993049825,105.75019807702215,Standing,Standing
763,15.26,169.19691475675816,170.22971766245078,176.06677444190743,110.1129544682081,Standing,Standing
764,15.28,171.26892655155007,171.70246509291243,177.389845030932,114.81870644828015,Standing,Standing
765,15.3,173.35616287224457,173.50237300550145,179.0317193804611,119.57036728347148,Standing,Standing
766,15.32,175.01366622842144,174.9379572380562,179.55233342032437,124.08279840696191,Standing,Standing
767,15.34,177.65179807817086,176.37600298908475,177.98221674839334,127.82176181373983,Standing,Standing
768,15.36,177.2890818538362,177.06799511630962,176.99985165095546,130.49456385613308,Standing,Standing
769,15.38,177.5817649093432,177.43978428523224,176.26042639346576,132.46003152459582,Standing,Standing
770,15.4,176.7487047962668,177.4256060388227,175.8987336816786,133.60179304430176,Standing,Standing
771,15.42,177.1995079586022,177.19911954571867,175.68996402303162,134.37350502636176,Standing,Standing
772,15.44,176.36685818206922,176.92581676673638,175.67391911844905,134.28148786543403,Standing,Standing
773,15.46,177.5527971810549,176.97484681414872,175.48785682050521,134.28492162618852,Standing,Standing
774,15.48,176.77005696569282,177.0766262298817,175.28382906322898,134.18711913930397,Standing,Standing
775,15.5,177.0637105057747,177.23651444734944,175.16775095386845,134.03924191356805,Standing,Standing
776,15.52,177.48712028879638,177.1985796363197,175.26279848434797,134.16963602897576,Standing,Standing
777,15.54,177.48712028879638,177.21639180305732,175.30853763815674,134.08500550488205,Standing,Standing
778,15.56,177.43831896528275,177.207279645265,175.39605171275355,133.9230402699976,Standing,Standing
779,15.58,177.00476596457926,177.47274160294833,175.21973393281687,133.73530614809798,Standing,Standing
780,15.6,177.00476596457926,177.70934533428817,175.0526378589054,133.7835748180785,Standing,Standing
781,15.62,177.84753401454773,177.8302024146872,175.07638126579383,133.64342429977157,Standing,Standing
782,15.64,178.6105247266551,177.96551022617436,175.01661142318434,133.4519410258357,Standing,Standing
783,15.66,178.6105247266551,178.07082612248857,175.05945488989636,132.8044182050489,Standing,Standing
784,15.68,178.18046684741117,178.34343389090563,175.06408051461793,132.08781143073952,Standing,Standing
785,15.7,177.3843952795462,178.35540764735595,175.36434484791224,131.31131100495315,Standing,Standing
786,15.72,177.77747584182194,178.18345606902628,175.95719356221386,130.82218242940493,Standing,Standing
787,15.74,177.77747584182194,177.48957273822919,177.0541295347232,130.24629435518202,Standing,Standing
788,15.76,177.8044132067879,176.77015086348584,178.15536774804715,130.03189871207312,Standing,Standing
789,15.78,175.3331416282032,175.37516199035386,179.92776997975795,130.20524075773392,Standing,Standing
790,15.8,173.67819368513784,173.66272539434505,177.91944125089975,131.07138236154088,Standing,Standing
791,15.82,170.02281430041606,170.8955809234094,174.8505913132237,130.99906004925606,Standing,Standing
792,15.84,168.77942773967143,167.6730149547994,171.47084669517395,130.379485116182,Standing,Standing
793,15.86,163.4100439755884,163.67806901212853,167.3350397618112,128.27719758392482,Standing,Standing
794,15.88,160.96561921438092,159.59769845686532,163.11731671709393,125.53807703582395,Standing,Standing
795,15.9,154.22191877274852,155.1987204130721,158.2821674444195,122.4287533367397,Standing,Standing
796,15.92,151.2239237016678,151.18886863842798,153.49594918553555,119.20813050409522,Standing,Standing
797,15.94,145.29844480785817,146.92356933187116,148.27168239942355,115.5709226834775,Standing,Standing
798,15.96,143.4171447719146,143.3463438922412,143.6807301211432,112.1784778028789,Standing,Squatting
799,15.98,139.37281705984205,139.3100186060846,138.65895893146973,108.69380660245524,Standing,Squatting
800,16.0,137.33332378563955,135.61612207025843,134.18176661755476,105.47562261445331,Standing,Squatting
801,16.02,130.85771465531536,131.16799978844108,129.34896260576366,101.57072314205381,Standing,Squatting
802,16.04,128.2476119950612,127.11723405137717,124.94009052390312,97.61798293546408,Standing,Squatting
803,16.06,120.96540335685424,122.6036372313975,120.22865234667658,93.13076997169037,Standing,Squatting
804,16.08,118.82981361050595,118.94738009731977,116.52988682575956,89.36357783362281,Standing,Squatting
805,16.1,113.99401364879336,115.22402348122687,112.63324561526741,85.2601979984711,Standing,Squatting
806,16.12,113.73483559241187,112.71405560923009,109.73115922425524,81.98603071504533,Standing,Squatting
807,16.14,109.47416636027981,110.03271039665107,106.47799055905688,78.3701139568424,Standing,Squatting
808,16.16,109.11739000664944,107.94892668359115,103.84472726612677,75.8652203070499,Standing,Squatting
809,16.18,103.98074438557235,105.37406619894469,100.84928288293023,72.62428981830237,Standing,Squatting
810,16.2,104.23547531519665,102.79287590078485,98.23944679945164,70.13007490840738,Standing,Squatting
811,16.22,98.81083549885635,99.34933703907284,94.84950417313948,67.62826672234013,Standing,Squatting
812,16.24,96.83093424721034,96.00183168234412,91.32613941712961,65.5437023612273,Standing,Squatting
813,16.26,92.59809986473543,92.10918561644067,87.57124261424504,63.573580045331234,Standing,Squatting
814,16.28,88.6055185874378,88.90845932236788,84.66736899044095,62.45489556472041,Standing,Squatting
815,16.3,84.08906305636961,85.33633096102234,81.57827309396323,61.17023295391932,Standing,Squatting
816,16.32,82.23483398157946,82.64740147036558,79.189521316259,60.63165086560643,Standing,Squatting
817,16.34,79.70855187369942,79.84944003466936,76.64457023369641,59.80618975938059,Standing,Squatting
818,16.36,79.21094977498204,77.78121155936068,74.8328634997417,59.933907743413265,Standing,Squatting
819,16.38,75.16078300904846,75.78416059203558,73.15982226453283,59.25243377668371,Standing,Squatting
820,16.4,74.4644800469127,74.08831272942412,71.85879650991207,59.02299908517231,Standing,Squatting
821,16.42,71.40439129736096,72.13614573823473,70.15678896585204,58.631070733951276,Standing,Squatting
822,16.44,71.15680256770075,70.40676957502346,68.50545669575439,58.60208105682831,Standing,Squatting
823,16.46,68.18040537465453,68.70879891222768,66.81921276620191,58.519260463169225,Standing,Squatting
824,16.48,67.95069704688449,67.49955537585303,65.64933269609222,58.64716926254481,Standing,Squatting
825,16.5,65.65964398477132,66.13255415483049,64.29971303072885,58.603344833316086,Standing,Squatting
826,16.52,65.40953303846658,65.20388676547962,63.296235779202696,58.9334987826791,Standing,Squatting
827,16.54,64.05322460245739,64.08887073449176,62.23617154439479,59.09886074080689,Standing,Squatting
828,16.56,63.56220378159078,63.38951768496324,61.67459885892728,59.362644632248745,Standing,Squatting
829,16.58,62.57645562729218,62.70907994574636,61.247551770761795,59.41018244291557,Standing,Squatting
830,16.6,62.57645562729218,62.350255466530776,61.00040070372268,59.61507220148618,Standing,Squatting
831,16.62,61.33090368785341,61.97337523218451,60.740394209274996,59.75529984943046,Standing,Squatting
832,16.64,62.06254362946499,61.8390460287806,60.65590629769746,59.790655149010405,Standing,Squatting
833,16.66,62.06254362946499,61.820143928335966,60.63362232293581,59.90122412719588,Standing,Squatting
834,16.68,61.8265445996646,61.845211761815214,60.70995624034315,59.83101289485868,Standing,Squatting
835,16.7,61.89373017921858,61.93568753914689,60.72517532051393,60.04978219935204,Standing,Squatting
836,16.72,62.15020017401824,61.85258337012872,60.66152949167107,60.048750118707574,Standing,Squatting
837,16.74,62.383062109686705,61.95033156723769,60.75532980752112,60.83389834904059,Standing,Squatting
838,16.76,62.123336873683094,62.17321386606611,60.81812309085272,61.93403315472405,Standing,Squatting
839,16.78,62.975597722334825,63.2232014317099,61.405095431825984,64.53527648524916,Standing,Squatting
840,16.8,63.022976524062095,64.42848820647524,61.948962415198,67.94094430473803,Standing,Squatting
841,16.82,66.83145971762315,66.28609683753982,63.23500059375962,72.8673528948756,Standing,Squatting
842,16.84,67.9660624512118,68.3511855514554,64.68120055855013,77.90457596579836,Standing,Squatting
843,16.86,72.65922836787176,71.2005589202045,66.82763122806651,84.40161150445665,Standing,Squatting
844,16.88,72.75496616798367,73.79729665090952,68.82252024672508,90.7598852832504,Standing,Squatting
845,16.9,77.04811635450157,76.74491310618897,71.4599654540636,97.9117067269474,Standing,Squatting
846,16.92,78.77098101615123,78.89424257200784,73.78759966345986,104.75613238229361,Standing,Squatting
847,16.94,83.4473772483483,81.97173203365281,77.26230117242505,112.58131173937313,Standing,Squatting
848,16.96,83.435261910422,84.71558886813528,80.53232790647071,119.73664730538223,Standing,Squatting
849,16.98,88.3254301527331,88.24373670077549,84.52626592268541,126.87751155734455,Standing,Squatting
850,17.0,89.51434293916144,91.21116885284403,88.11992045943171,131.9255497190351,Standing,Squatting
851,17.02,97.33375044797876,95.05413717031755,92.4255472732746,137.01954627729378,Standing,Squatting
852,17.04,97.73699854291576,98.82059689877767,96.37753911318119,140.76455071712036,Standing,Squatting
853,17.06,103.20997586754375,103.22308625503591,100.6635742549923,144.93436863137384,Standing,Squatting
854,17.08,105.32247254048715,106.80318027444508,104.18231474182792,148.22758266247118,Standing,Squatting
855,17.1,112.85463694499263,110.44633208162594,107.95093975720162,151.48457027312034,Standing,Squatting
856,17.12,113.79401539398724,113.37325176379876,111.08272945691351,154.24416196567748,Standing,Squatting
857,17.14,117.71819838031412,117.07763687809492,114.94387172179711,156.84902808918156,Standing,Squatting
858,17.16,118.46317006877413,120.19133289412082,118.47795828060838,158.60731048534055,Standing,Squatting
859,17.18,123.67746119403819,124.1294976127316,122.76176065534284,160.35582959657367,Standing,Squatting
860,17.2,127.21925782532469,127.84498849960322,126.92843336352789,161.72501451867961,Standing,Squatting
861,17.22,133.461620572,132.67613564225783,131.829573121004,163.56747353376952,Standing,Squatting
862,17.24,136.44189534214348,137.26076333519305,136.2934892900752,163.85292113457,Standing,Squatting
863,17.26,144.0184938350051,142.32822198914323,141.14874124007193,165.30938237322763,Standing,Squatting
864,17.28,145.98065001013043,146.44496277465862,144.95655801562157,166.7865141332295,Standing,Standing
865,17.3,151.554383529581,151.02528620617286,149.18316973730413,167.80755939766567,Standing,Standing
866,17.32,153.76414529161778,155.05544530842548,153.01735931967542,168.23358646298746,Standing,Standing
867,17.34,159.58921146628109,159.2750871769064,157.12061480246217,168.49036861271125,Standing,Standing
868,17.36,161.14518122481687,162.91838116227444,161.04065475339422,167.79766525239032,Standing,Standing
869,17.38,169.15969454552234,166.58110273842576,165.01603336141886,166.87918859798972,Standing,Standing
870,17.4,168.86689223092608,169.53557886694688,168.4450515405387,165.30414030043377,Standing,Standing
871,17.42,172.90815203968222,171.98329935729436,171.41816401331354,163.26181608214898,Standing,Standing
872,17.44,173.3165100389221,173.36739340511193,173.34319011335944,160.89763913998502,Standing,Standing
873,17.46,174.11298576003094,174.26558729841588,174.69444022552594,159.9365945904308,Standing,Standing
874,17.48,174.56455300523098,174.24554262219695,175.07655705748036,159.94709926861705,Standing,Standing
875,17.5,174.1852167873098,174.61519283559485,175.7845699659814,159.6920211409742,Standing,Standing
876,17.52,174.1852167873098,174.49992177935417,176.2365733524724,160.02679896581185,Standing,Standing
877,17.54,174.5828790114522,174.84304852469276,176.89059283193336,160.57590461135095,Standing,Standing
878,17.56,175.04674252182787,175.1129931034936,177.52420019961264,161.1137247933522,Standing,Standing
879,17.58,175.47431502863256,175.48851761184085,178.048219536983,161.23885996053306,Standing,Standing
880,17.6,175.9344813595058,175.83887335417873,178.52017018909862,160.95672516751256,Standing,Standing
881,17.62,176.72927236809946,176.15101252673082,178.89462053899823,161.03808498401213,Standing,Standing
882,17.64,175.9281482347963,176.26441127853312,178.99457420351897,161.24504777455948,Standing,Standing
883,17.66,176.30500661965272,176.22900114718553,178.9277883864684,161.50662099967693,Standing,Standing
884,17.68,175.89550679331876,176.09855567201075,178.74000657910238,161.76566956872333,Standing,Standing
885,17.7,176.2748430112195,175.90514304220474,178.51102512235076,161.19356060150403,Standing,Standing
886,17.72,175.50378938264134,175.74974079139517,178.40388389623075,160.63674123343495,Standing,Standing
887,17.74,175.5006688674513,175.7186046581272,178.26555631054094,159.52381217410002,Standing,Standing
888,17.76,175.53600447088024,175.77378210720636,178.2496108740239,157.83976868904304,Standing,Standing
889,17.78,175.5006688674513,175.59657833599724,177.79854732200428,155.68931103326727,Standing,Standing
890,17.8,175.5006688674513,175.39828138225752,177.33426141014715,153.69699092350214,Standing,Standing
891,17.82,175.03803240671778,175.01012328023103,176.50630820307643,151.79067012295766,Standing,Standing
892,17.84,174.61371808749755,174.1622684050715,175.25922441382704,151.00386918813243,Standing,Standing
893,17.86,171.7911572202015,172.64755038596388,173.30399455518136,149.36905297579682,Standing,Standing
894,17.88,171.3610080379609,170.5970746229591,170.95229514004401,147.66932322026352,Standing,Standing
895,17.9,167.74127140590238,167.31344998146005,167.46482265488484,144.53441853133722,Standing,Standing
896,17.92,164.15903581684432,163.62132057688615,163.81067408355764,141.37111957945837,Standing,Standing
897,17.94,159.38021288904656,159.09308981985936,159.08861061983689,137.32925020080293,Standing,Standing
898,17.96,154.88462878209458,154.68294320092443,154.45799088594708,133.2487446257428,Standing,Standing
899,17.98,147.71609059719418,149.68263723138378,148.939833242997,128.08032405004857,Standing,Standing
900,18.0,145.9315508317301,145.21172655685507,143.83913031590444,122.68217631644873,Standing,Standing
901,18.02,139.3508176758941,140.3585132653151,138.3462433551368,116.79712774688412,Standing,Squatting
902,18.04,137.654195513375,136.03994539485046,133.5192785084036,112.14296955869057,Standing,Squatting
903,18.06,131.06400315009057,131.59520957068523,128.48336981371784,107.01599388880105,Standing,Squatting
904,18.08,128.58018976071003,127.85339557280037,124.25319710102615,102.153714093612,Standing,Squatting
905,18.1,121.6152489756551,123.46444469259363,119.38785840601012,96.68958992460632,Standing,Squatting
906,18.12,121.15438873642728,120.07799310933272,115.6878489442854,91.97469222388459,Standing,Squatting
907,18.14,115.54119010902721,116.4375166502367,111.71782969112868,86.9278907661422,Standing,Squatting
908,18.16,115.2880519146862,113.84695274417832,108.90577508887449,82.52345583338561,Standing,Squatting
909,18.18,109.20330096982167,111.08798405521358,105.83944452094538,77.68621472933596,Standing,Squatting
910,18.2,109.99911584089106,108.99973301875524,103.5208449797456,74.36523963780867,Standing,Squatting
911,18.22,105.29707313502817,106.17397309725663,100.71612355248865,70.67859483553717,Standing,Squatting
912,18.24,105.11856301151924,103.77438895970612,98.57635368092335,68.65851887566504,Standing,Squatting
913,18.26,100.23417277749668,100.61678162028828,95.39450510003567,66.16138606348804,Standing,Squatting
914,18.28,98.62038745248645,97.8400731580375,92.52503009278928,64.4423871358355,Standing,Squatting
915,18.3,93.12598546318065,93.9964238089293,88.52905508540816,62.346212448737624,Standing,Squatting
916,18.32,91.33470212487993,90.71379242934783,84.90901296818876,61.42279358205947,Standing,Squatting
917,18.34,86.18183906348652,86.86506843973852,80.89580825467725,60.19181729048467,Standing,Squatting
918,18.36,84.17119107758722,83.62732587729526,77.44365234054088,59.595933875494104,Standing,Squatting
919,18.38,79.06029030385285,80.12511616600656,73.90488615704999,58.44674593890122,Standing,Squatting
920,18.4,78.15278842533243,77.25043458024159,70.99008020927486,57.974979506068934,Standing,Squatting
921,18.42,73.79896737862992,74.21957775523299,68.27250925630153,57.0410516668115,Standing,Squatting
922,18.44,72.41858432990483,71.83481438107015,66.39475806011504,56.603122682807374,Standing,Squatting
923,18.46,68.91935091780582,69.47690684697203,64.4490753715014,55.88555294417288,Standing,Squatting
924,18.48,67.95783427473431,67.80693267677226,63.13755641339937,55.83172755511638,Standing,Squatting
925,18.5,65.49659950738685,66.07331505850367,61.67557129062279,55.80572722152884,Standing,Squatting
926,18.52,64.96886253788024,64.88458328539497,60.59814534986103,56.38319659976217,Standing,Squatting
927,18.54,63.71410375844517,63.66681478098459,59.64755945216298,56.72212257573979,Standing,Squatting
928,18.56,63.48423550283773,62.72382205583893,58.942366131970275,57.269884385540365,Standing,Squatting
929,18.58,61.63743006001102,61.828919414312345,58.36891820783691,57.73075656468037,Standing,Squatting
930,18.6,61.03280030335289,61.09416462562107,58.007674158411184,58.247019370032355,Standing,Squatting
931,18.62,60.058083380820236,60.30908220921171,57.769981064280124,58.39006237568539,Standing,Squatting
932,18.64,59.65776095068184,59.78255258942507,57.67528950492192,58.63814057376465,Standing,Squatting
933,18.66,59.884083746632925,59.45765692949677,57.66475722882098,58.78099042554947,Standing,Squatting
934,18.68,59.043852637586276,59.47437746389029,57.82954125074994,58.946111306057745,Standing,Squatting
935,18.7,59.40565842230274,59.51876629450457,57.99525303500911,59.093922170300296,Standing,Squatting
936,18.72,59.884083746632925,59.68552296181698,58.24942943625541,59.132863842917395,Standing,Squatting
937,18.74,60.15101766693779,59.93619579010645,58.595661134952344,59.0281558730996,Standing,Squatting
938,18.76,60.1962717377059,60.085808428951005,58.83379563039036,59.082854752325744,Standing,Squatting
939,18.78,60.269049113578575,60.43635092141233,59.185526264057145,59.14702471684103,Standing,Squatting
940,18.8,60.68129062759872,60.63765179795356,59.501018257891126,59.13656496666499,Standing,Squatting
941,18.82,61.16546878807923,60.93508699221754,59.88803330177545,59.019319293605044,Standing,Squatting
942,18.84,60.93661157299223,61.24799320773165,60.04426667219152,58.77553387662463,Standing,Squatting
943,18.86,62.327345687182046,61.85444692400455,60.43994378759704,58.72460199119793,Standing,Squatting
944,18.88,62.442734321853436,62.665903016379886,60.864666306150326,58.53221592946929,Standing,Squatting
945,18.9,63.85455668741598,63.963837661763584,61.84181049644057,58.24947361466726,Standing,Squatting
946,18.92,64.84259299804542,65.47911374650771,62.83096581287501,58.40080060095029,Standing,Squatting
947,18.94,67.72986814148362,67.52672603653382,64.30022962443078,58.38357359958639,Standing,Squatting
948,18.96,69.65476828033044,69.53648574222439,65.64673483039452,58.47233918677358,Standing,Squatting
949,18.98,72.86215581355968,72.21880718932351,67.5269179325856,58.42862722880063,Standing,Squatting
950,19.0,74.13578828777902,74.74560990727389,69.34205243078524,58.49878947383705,Standing,Squatting
951,19.02,77.7756938989593,77.52516215945019,71.31229892263623,58.51848662162069,Standing,Squatting
952,19.04,79.64839549828262,80.08092367407761,72.9122363332481,58.79243057994338,Standing,Squatting
953,19.06,84.31747809160926,83.20683334809613,75.31603107059952,59.553352272072516,Standing,Squatting
954,19.08,85.51384524840746,86.31867410894766,77.65061552056949,60.4194013822526,Standing,Squatting
955,19.1,90.0,90.21474134186624,81.24484667308748,61.58973008242929,Standing,Squatting
956,19.12,93.18547252267173,93.92625226040123,84.6909208223335,63.091025818297524,Standing,Squatting
957,19.14,99.13017648227328,98.2525568483703,89.09712593300041,64.28193432207841,Standing,Squatting
958,19.16,101.88206521851926,102.30818976834712,93.27221423121411,64.74191144043988,Standing,Squatting
959,19.18,107.56182183247903,106.73182935616117,98.05724809715203,65.45300687308514,Standing,Squatting
960,19.2,109.73459467923168,110.31500875611017,102.2296499782475,66.25190786949025,Standing,Squatting
961,19.22,115.34096865488736,114.22456581691081,106.69449004779062,67.56843693725686,Standing,Squatting
962,19.24,117.41276903636647,117.72954190592644,110.6826010799905,69.45680616446664,Standing,Squatting
963,19.26,122.12711169575704,122.17829803787505,115.55337813735044,71.63186881086887,Standing,Squatting
964,19.28,124.64580030767705,126.48626970768782,120.03969908296668,74.02730441395394,Standing,Squatting
965,19.3,132.7881675761206,131.9886553695315,125.77038245024235,76.17856262896365,Standing,Squatting
966,19.32,136.18268583025042,137.6528741153595,131.57001032433854,78.56399014138336,Standing,Squatting
967,19.34,145.10904727010086,143.69409065479513,138.01994842241285,80.44931700126922,Standing,Squatting
968,19.36,148.52779021721435,149.63259627724398,144.43702794320518,81.71718662287579,Standing,Standing
969,19.38,157.9164293381302,155.57817418761815,151.13585725722734,82.41217942637199,Standing,Standing
970,19.4,159.95532237725027,160.66941139747942,157.2519796744438,82.31294603289547,Standing,Standing
971,19.42,164.64558195169016,165.42320636458678,163.00942360437006,81.59305145552092,Standing,Standing
972,19.44,169.28949525514236,169.06767557205384,167.62222441765056,80.12080859235381,Standing,Standing
973,19.46,173.13054346654744,171.9347070582897,171.58867019719284,78.31232749179857,Standing,Standing
974,19.48,174.06329298886314,173.86976069979542,174.32674824138343,77.13686505876493,Standing,Standing
975,19.5,175.83349511404217,175.7356028655912,176.806030292075,76.07878936924814,Standing,Standing
976,19.52,176.31194929060175,176.63308217619326,178.40938346173564,76.23477665217636,Standing,Standing
977,19.54,176.0027536242495,177.1853825312525,179.80606173231448,76.266820198996,Standing,Standing
978,19.56,178.53097383036356,177.6274532845615,179.0583526440522,76.83199685004276,Standing,Standing
979,19.58,178.0120093876135,178.20044348309867,177.84590632169494,77.05581685679442,Standing,Standing
980,19.6,178.1074267076037,178.51214275064683,176.84356959879628,77.33912608210544,Standing,Standing
981,19.62,179.17627013889938,178.84075211119566,175.8366222092597,77.30919102800368,Standing,Standing
982,19.64,179.124883803429,179.05405641953212,174.90733723623956,77.4356830866644,Standing,Standing
983,19.66,179.14776106700398,178.95351284857145,174.16608641450463,77.55140202795472,Standing,Standing
984,19.68,178.72004372672026,179.1090163221948,173.49600066887083,78.12394151999125,Standing,Standing
985,19.7,179.18763934576515,179.16241795799004,172.989846135647,78.54954116135912,Standing,Standing
986,19.72,179.1574757373876,179.1879324634085,172.51355044599998,79.13316251598873,Standing,Standing
987,19.74,179.12309225673332,179.29191537095724,172.13947025523774,79.72035010305126,Standing,Standing
988,19.76,179.56989357103714,179.37109398386508,171.98235972023048,80.1666423157969,Standing,Standing
989,19.78,179.5384986267337,179.4499592988007,171.90741423199816,80.22345022449547,Standing,Standing
990,19.8,179.60093136806356,179.42777971414947,171.94782488558525,80.04243699566086,Standing,Standing
991,19.82,179.2379659687873,179.4782309639243,171.98009798194192,79.4647470346127,Standing,Standing
992,19.84,179.2357928029129,179.4168426238349,172.08029155616455,78.64997687673417,Standing,Standing
993,19.86,179.32568838626378,179.4261818442425,172.19433754154375,77.6709605740636,Standing,Standing
994,19.88,179.29471211643607,179.40241816673998,172.2207162494606,76.78882460988376,Standing,Standing
995,19.9,179.23363536874803,179.19619342848225,172.409282330734,76.2391822439564,Standing,Standing
996,19.92,178.51497177996475,178.83192243023012,172.62728923401065,76.27452230524686,Standing,Standing
997,19.94,178.51497177996475,177.84699584718422,173.69336148539395,76.72228315526931,Standing,Standing
998,19.96,176.4371373890192,176.4580859863771,175.21052014173532,76.84873571558197,Standing,Standing
999,19.98,174.33568082411,174.23012619700935,177.8496103179753,77.08890165902494,Standing,Standing
1000,20.0,171.84481009874222,171.4300755148707,178.77351029712221,78.06455114682457,Standing,Standing
1001,20.02,167.4569446036382,167.7350526206441,174.40556190654507,78.09316670618539,Standing,Standing
1002,20.04,164.43057413455426,163.53434784209472,169.42433965446185,76.98292334207315,Standing,Standing
1003,20.06,158.78284809371507,159.1530900651523,164.02149011637584,74.73330737032823,Standing,Standing
1004,20.08,155.3822764033564,154.94562375955763,158.71563815892074,71.89322206484897,Standing,Standing
1005,20.1,149.46862692570514,151.00475645145883,153.42664703204005,68.8342373921067,Standing,Standing
1006,20.12,147.34195818097007,147.86866803080568,148.87168674165838,65.86896955707051,Standing,Standing
1007,20.14,143.86970535677725,144.28126755114587,143.9167595007276,63.51199089448295,Standing,Squatting
1008,20.16,142.2809856110776,141.09023791559028,139.7082954648187,61.05663553867843,Standing,Squatting
1009,20.18,138.40666364634546,137.35794537876964,135.08541553396546,59.853224203516625,Standing,Squatting
1010,20.2,135.53702598761595,134.09247061983763,131.20880413657056,59.73968617345778,Standing,Squatting
1011,20.22,127.51125127185172,130.25777996122446,126.90033248963684,59.913392597016106,Standing,Squatting
1012,20.24,126.88887560825495,126.7867339108784,122.99516981380954,60.30282008707676,Standing,Squatting
1013,20.26,121.71028385661796,122.98508315205655,118.8366239449572,60.82732047358095,Standing,Squatting
1014,20.28,121.812649113264,119.71933673576464,114.95625323824217,61.117930000169395,Standing,Squatting
1015,20.3,116.14010583609885,116.54086058577488,110.9727237191071,61.07770533312,Standing,Squatting
1016,20.32,114.24703276665662,113.7167987190346,107.46659329062052,60.5124238339863,Standing,Squatting
1017,20.34,108.64032533865188,110.3471009322916,103.56284691853737,60.13732201447171,Standing,Squatting
1018,20.36,107.63525906641786,107.08701794668724,100.32021735288811,59.28489048686786,Standing,Squatting
1019,20.38,103.38592408173162,103.05878608330984,96.52121591247071,59.096581393024685,Standing,Squatting
1020,20.4,100.11665341222457,99.71463573295655,93.60825633508493,58.76078924303448,Standing,Squatting
1021,20.42,96.38827018782067,95.73516721052597,90.1375768257323,58.4907196138767,Standing,Squatting
1022,20.44,91.4402468481189,91.87080229936953,87.11973156256055,58.410540422090115,Standing,Squatting
1023,20.46,87.04003606169508,87.43999030499309,83.5889264510544,58.10760552505934,Standing,Squatting
1024,20.48,85.06200519728037,83.66764358564039,80.32928637143473,57.83772760577963,Standing,Squatting
1025,20.5,79.2339179040419,80.37833283065055,77.36668732753064,57.03710218688345,Standing,Squatting
1026,20.52,77.4025696428748,77.87016572088953,74.7417825760765,56.39303438361687,Standing,Squatting
1027,20.54,74.66771960092646,75.94160684982624,72.41539381755896,55.633997933388905,Standing,Squatting
1028,20.56,75.2801393941274,74.59757911417802,70.57550167207106,54.71254388085206,Standing,Squatting
1029,20.58,74.50597645943824,73.71190293631815,68.86557261746911,53.878695394527625,Standing,Squatting
1030,20.6,73.66374311246229,73.54771892009798,67.83360883163034,53.198999084149015,Standing,Squatting
1031,20.62,72.66773076848071,73.18007578951995,66.82445087948155,52.69459788592721,Standing,Squatting
1032,20.64,72.8524438200182,72.8826844694022,66.21927766922781,52.43315338555623,Standing,Squatting
1033,20.66,72.9338707041509,72.39517657316506,65.58051806521848,52.23833328047274,Standing,Squatting
1034,20.68,72.3798773374931,72.190393861591,65.28068250518467,52.59937650501967,Standing,Squatting
1035,20.7,71.60335836813886,72.06021051868069,64.98472564553951,52.83417196372507,Standing,Squatting
1036,20.72,71.55457909029971,71.9645685047257,64.7244189597044,53.25144208153718,Standing,Squatting
1037,20.74,71.8716887606497,71.65813662330699,64.32662931069346,53.38720224920868,Standing,Squatting
1038,20.76,71.74081400944293,71.20735751390491,63.789636499062134,53.483468541055345,Standing,Squatting
1039,20.78,71.17592023598145,70.92584105286035,63.14358651942506,53.520946324793776,Standing,Squatting
1040,20.8,70.67336006957376,70.50139921696126,62.45035833137483,53.6954012549234,Standing,Squatting
1041,20.82,69.62144792422735,69.97786698657433,61.722967105452895,53.97899646746085,Standing,Squatting
1042,20.84,69.32093665596935,69.62958175078884,61.311222069164685,54.17760093564666,Standing,Squatting
1043,20.86,70.27004737215374,69.89016356377702,61.44060843911651,54.41910000507455,Standing,Squatting
1044,20.88,69.60475152811225,70.41784956445177,61.856823528988734,54.87108057533541,Standing,Squatting
1045,20.9,71.07661211934683,71.43090174836043,62.695443962072424,55.5208966505735,Standing,Squatting
1046,20.92,73.1599947403174,72.78709802554738,63.93924933460355,56.24810286512425,Standing,Squatting
1047,20.94,75.20499797118806,74.61564267004785,65.60671018932891,57.281922275184534,Standing,Squatting
1048,20.96,75.28463314628127,75.80773094212478,66.91044365593028,58.10583679283807,Standing,Squatting
1049,20.98,78.01556931750164,77.4833773256782,68.61225235491736,59.442941494185874,Standing,Squatting
1050,21.0,79.21432800112713,78.55422307918094,69.94959441198581,60.703904135406184,Standing,Squatting
1051,21.02,80.91402876637252,80.30532477804779,72.02406400933808,62.24446466274877,Standing,Squatting
1052,21.04,79.19269576447141,81.77844773258366,73.93412763958368,63.217349935762954,Standing,Squatting
1053,21.06,84.7174504385422,83.95196184759952,76.56156851292137,64.2045431203863,Standing,Squatting
1054,21.08,84.82783917490744,85.54470255489952,78.75802565361165,64.79950672699046,Standing,Squatting
1055,21.1,90.40348473505846,88.13982775003021,82.01823069968847,66.03605363886764,Standing,Squatting
1056,21.12,89.0843536227649,90.31373183026832,84.92310986245339,66.98791985177913,Standing,Squatting
1057,21.14,94.10930415976135,93.34367580077362,88.74372309398069,68.26429278685283,Standing,Squatting
1058,21.16,94.13467137373351,95.84643501406197,92.1101733646567,69.46427507872774,Standing,Squatting
1059,21.18,100.8037033541733,99.3702276999393,96.35776614418715,71.03693787271084,Standing,Squatting
1060,21.2,100.38220746516934,102.81209085648142,100.39395288326071,72.34966712545142,Standing,Squatting
1061,21.22,108.59263891224504,106.89017277682589,105.00776902737402,73.55800132022141,Standing,Squatting
1062,21.24,109.85404204516222,110.3575233452983,108.87435858135825,74.25022921920277,Standing,Squatting
1063,21.26,115.57122506908348,113.97478655673152,113.00637539393576,75.02755679224585,Standing,Squatting
1064,21.28,116.98918041328628,117.06026504266839,116.49088901667606,75.35927760545631,Standing,Squatting
1065,21.3,120.23775203927775,120.83625698701898,120.5959204577073,76.13604626311337,Standing,Squatting
1066,21.32,122.83645652801675,123.87736653161004,123.9805531557949,77.16577077479201,Standing,Squatting
1067,21.34,127.69745757686407,127.98411414096277,128.4146793080336,78.62678679120667,Standing,Squatting
1068,21.36,131.97140395037317,131.7416676607689,132.50396938618914,80.0837970800765,Standing,Squatting
1069,21.38,137.3325411211363,136.02980891268226,137.2571332621843,81.09476586113762,Standing,Squatting
1070,21.4,139.36683896251762,140.15166961917768,141.89352493891084,82.34423202149195,Standing,Squatting
1071,21.42,145.65403818959413,144.47760806709744,146.9122078630353,82.7296336817401,Standing,Squatting
1072,21.44,146.66745089777717,148.35808290257833,151.7182762379776,82.7205721447917,Standing,Standing
1073,21.46,152.11417373703475,152.25501171567421,156.65437301533842,82.89484756088117,Standing,Standing
1074,21.48,155.86500910062034,155.82044942132632,161.03058195178062,82.58865496502857,Standing,Standing
1075,21.5,160.69562134983275,159.3254460607898,165.16465905822403,82.26192011129159,Standing,Standing
1076,21.52,162.12912642142157,162.28334251287768,168.59232935426297,82.50345476252605,Standing,Standing
1077,21.54,165.33063802296232,165.2705906405516,171.87221438227004,82.4687875340051,Standing,Standing
1078,21.56,166.53904853972267,167.2752361582393,174.23169100739338,82.368982752854,Standing,Standing
1079,21.58,169.1861224862095,168.9604368458997,176.18328285877277,82.3971241786785,Standing,Standing
1080,21.6,170.91817105006896,170.23346869618013,177.5874283585551,82.75487589730105,Standing,Standing
1081,21.62,171.87438193609674,171.69263134489623,179.1263720678925,83.21945598900533,Standing,Standing
1082,21.64,171.97324652018474,172.87801455432842,179.54132819297016,83.73764214342896,Standing,Standing
1083,21.66,173.682484775991,174.0586525495939,178.31692141934917,84.79399740023642,Standing,Standing
1084,21.68,174.60634990532245,174.85856671432524,177.51989299941775,85.74311666930227,Standing,Standing
1085,21.7,176.33966671275965,175.4034629848493,176.8488959785127,87.03655002371943,Standing,Standing
1086,21.72,176.26060123386617,175.84868112482246,176.26419016823516,87.95216409365409,Standing,Standing
1087,21.74,176.26060123386617,175.97162644231847,175.82870766308554,88.3877961223619,Standing,Standing
1088,21.76,175.4040917567134,175.80483570471557,175.7100760268909,88.34420963361161,Standing,Standing
1089,21.78,175.0059771671019,175.61451097349615,175.71106869466607,88.28036576610059,Standing,Standing
1090,21.8,175.52949484346564,175.32712950399625,175.79507563407975,88.18222482432257,Standing,Standing
1091,21.82,175.02074792715015,175.3650869480175,175.69451137410212,87.88873996476494,Standing,Standing
1092,21.84,175.88031503974736,175.55747322574192,175.57315912176423,87.39310745178747,Standing,Standing
1093,21.86,175.88031503974736,175.92965990014594,175.38409731311418,87.06529748962731,Standing,Standing
1094,21.88,175.88031503974736,176.26567340783737,175.20243581078907,86.7858091301382,Standing,Standing
1095,21.9,176.74020698835113,176.35263960575028,175.14306680873585,86.63383610972383,Standing,Standing
1096,21.92,176.74020698835113,176.43561526612336,175.05526171844028,86.36558449276093,Standing,Standing
1097,21.94,176.74020698835113,176.45230323234645,175.06469949936977,86.18274256898886,Standing,Standing
1098,21.96,176.38605185717978,176.62688447653198,175.02255717411086,85.55175953031356,Standing,Standing
1099,21.98,175.8618622933658,176.88843041029898,174.87699350914002,85.07203184841863,Standing,Standing
1100,22.0,176.78206742085382,177.08352938033994,174.808568817255,84.15165449443379,Standing,Standing
1101,22.02,177.4284280287746,177.11599989775925,175.1767464860336,83.74799276422034,Standing,Standing
1102,22.04,177.4692369816344,176.93002330602158,175.88338859070947,83.54046971053718,Standing,Standing
1103,22.06,176.9120794901013,176.45907798069194,177.15216252411807,84.33196056569054,Standing,Standing
1104,22.08,175.19402892425288,175.3003738147204,179.0593602484279,85.71089632754318,Standing,Standing
1105,22.1,172.90137838783824,173.23430095849906,177.8674247705621,87.40533120357647,Standing,Standing
1106,22.12,171.14956045404074,170.62928517958963,174.22015294701194,88.70972701032571,Standing,Standing
1107,22.14,168.03786814417862,167.3109075788271,169.64195600744563,89.8410178224318,Standing,Standing
1108,22.16,163.62357683126567,163.83697685635514,164.87761072296803,90.39722121930994,Standing,Standing
1109,22.18,159.8482529656985,160.0722999575481,159.94807932200817,89.24317617671903,Standing,Standing
1110,22.2,156.83559805804447,156.57123110720497,155.3921718366095,86.7375045754524,Standing,Standing
1111,22.22,152.00380888478358,153.2099837271737,150.93859644152496,83.54758569967774,Standing,Standing
1112,22.24,150.94438136735852,150.78358984786854,147.50071124026204,79.98487051651917,Standing,Standing
1113,22.26,147.28002095848336,148.7177208349612,144.3968964680428,76.99936585492085,Standing,Standing
1114,22.28,147.46797809483724,146.7973066297259,141.80459224504284,73.97069288058982,Standing,Standing
1115,22.3,144.69341995809822,144.60777143216978,139.00232675371322,71.4766564826304,Standing,Squatting
1116,22.32,144.6048603159816,142.4950164391045,136.50261346718747,69.21693696060775,Standing,Squatting
1117,22.34,139.39870535494651,139.70035614370212,133.251813019426,67.51400300418072,Standing,Squatting
1118,22.36,136.54960117207756,136.99761893952757,130.19648195647977,66.30954805210754,Standing,Squatting
1119,22.38,132.18688265369366,133.40177450194992,126.48573137439635,64.72913583102006,Standing,Squatting
1120,22.4,130.8347258965332,130.40694597277138,123.4586810941518,63.36979248173598,Standing,Squatting
1121,22.42,126.89569161516417,126.86596840330452,119.98639075022305,62.01581290281791,Standing,Squatting
1122,22.44,124.73338207888915,123.94682313344349,117.31187886101037,60.75740244866854,Standing,Squatting
1123,22.46,119.6515618299255,120.7757022642878,114.37412310718943,59.51397211584221,Standing,Squatting
1124,22.48,119.70761595318712,118.18210609622233,112.01405245302786,57.91290082889689,Standing,Squatting
1125,22.5,113.04658769877761,115.23376152451748,109.34992265686076,56.90662491553061,Standing,Squatting
1126,22.52,112.68192143888834,112.49254418905718,106.95678097786353,55.92982179284892,Standing,Squatting
1127,22.54,109.34322045744989,109.12052975280358,103.78808134558604,55.3316860119785,Standing,Squatting
1128,22.56,108.26257301853707,106.17584846049792,101.12232752983314,55.18976981814328,Standing,Squatting
1129,22.58,102.08275628554374,102.28178296156132,97.63934471941317,54.82477519796879,Standing,Squatting
1130,22.6,98.44168342319554,99.2134738090695,94.97568786859618,54.61131599803897,Standing,Squatting
1131,22.62,93.9637288127591,95.30260631552783,91.41537594672518,54.24735685453922,Standing,Squatting
1132,22.64,93.50353164478081,91.9855875206235,88.32556060995478,53.756018741774064,Standing,Squatting
1133,22.66,87.60341351115498,88.85621193303082,85.00589289677185,53.31246851213533,Standing,Squatting
1134,22.68,88.0653902028512,86.68139085987151,82.39929542311359,53.02421962506588,Standing,Squatting
1135,22.7,83.23183653474219,84.52393901192698,79.5849521409058,52.887897356979444,Standing,Squatting
1136,22.72,82.71979171561712,82.6312269678199,77.03495304230255,52.77598569431732,Standing,Squatting
1137,22.74,80.72425824629536,80.3377298543749,74.21654898885274,52.71699307313177,Standing,Squatting
1138,22.76,79.3984411917024,78.88697889296473,72.4540147804426,53.130976034460964,Standing,Squatting
1139,22.78,76.88921467052621,77.01005588622053,70.43354193375602,53.02535790875508,Standing,Squatting
1140,22.8,75.4094725982983,75.63117321975064,69.01383041649098,53.078490528144634,Standing,Squatting
1141,22.82,73.03537448032843,74.0343285177231,67.50152849862654,52.92292837193882,Standing,Squatting
1142,22.84,74.36404523061304,72.78888773303068,66.31553022194275,52.90068491251477,Standing,Squatting
1143,22.86,71.5884867751927,72.03217163040046,65.59763623230418,52.90901776298525,Standing,Squatting
1144,22.88,70.96614733577502,71.5697660042917,65.1898210521161,52.87524465623303,Standing,Squatting
1145,22.9,71.12376825866588,71.260690932884,64.74369820969983,53.01880676060111,Standing,Squatting
1146,22.92,71.31303132421336,71.12989109848043,64.70969420566675,53.16564377761154,Standing,Squatting
1147,22.94,72.05941666100153,71.22094235704506,64.83280482311226,53.353611828138206,Standing,Squatting
1148,22.96,70.98029094928954,71.68358578588378,65.36141480246137,53.704014320999484,Standing,Squatting
1149,22.98,71.71729823997542,72.05014597955146,65.56952190636586,53.8999999342047,Standing,Squatting
1150,23.0,72.34072701268914,72.07618740250943,65.39912926555394,54.28571207443767,Standing,Squatting
1151,23.02,73.63071846414768,72.26054045897172,65.42612897549888,54.43481783691473,Standing,Squatting
1152,23.04,72.29419562687058,72.44132717106386,65.34844704193944,54.482263529202584,Standing,Squatting
1153,23.06,73.14985354095579,73.34073075009479,65.92400315601506,54.36737337097265,Standing,Squatting
1154,23.08,72.92813605555385,74.066720855519,66.48596924948882,54.0276091545128,Standing,Squatting
1155,23.1,76.09561471829832,75.88810965514654,68.15188985973387,54.161728147398,Standing,Squatting
1156,23.12,77.74656500472055,78.20735775983958,70.36249154650962,54.25025274653706,Standing,Squatting
1157,23.14,82.09431104395541,81.5314297330939,73.41314004892615,54.25251518952409,Standing,Squatting
1158,23.16,83.23382517745456,84.81114680205714,76.52654235896756,54.23906168999202,Standing,Squatting
1159,23.18,90.38388557559395,88.44722575323328,79.95767139449195,54.54053888288142,Standing,Squatting
1160,23.2,91.54010526117027,91.74611542628021,83.07402146615338,55.03166072271096,Standing,Squatting
1161,23.22,96.23198454780322,95.68797675680915,86.8280771833862,55.989647070630745,Standing,Squatting
1162,23.24,98.22980488607504,99.4053532240464,90.42478856928192,57.016544520908134,Standing,Squatting
1163,23.26,102.92023307650628,103.64218903937096,94.70234342993274,58.26086777773283,Standing,Squatting
1164,23.28,106.99280166907893,107.30859670005852,98.55979576156545,59.30861097297302,Standing,Squatting
1165,23.3,113.3365568754017,111.59113679251374,103.05842203394975,60.76379679745038,Standing,Squatting
1166,23.32,114.59045397628847,115.0519391912281,106.84408767455348,61.986310669824206,Standing,Squatting
1167,23.34,119.48693663470395,118.52163416929912,110.70759199159359,63.16626255222338,Standing,Squatting
1168,23.36,120.7420569196981,121.23689931655264,114.10608088692224,64.77110138429293,Standing,Squatting
1169,23.38,124.28937942900085,123.75309492469509,117.62970534345015,67.53328319449537,Standing,Squatting
1170,23.4,124.9248773337282,125.93494463387339,120.85863582182107,70.56664111214619,Standing,Squatting
1171,23.42,129.14008039900438,128.90755157333433,124.82434199462462,74.20186927078646,Standing,Squatting
1172,23.44,131.0439684597707,131.57682096358138,128.53421088520616,77.8737386454409,Standing,Squatting
1173,23.46,134.470530728202,134.76613594931277,132.882471968187,81.80151030924301,Standing,Squatting
1174,23.48,137.31067648378564,137.51399956072302,136.76288748405258,84.83396877256132,Standing,Squatting
1175,23.5,142.00735098495693,140.52652329915733,140.96623533739745,87.72831007355838,Standing,Squatting
1176,23.52,142.73600068549527,142.86878053979865,144.40722614445866,89.64068166042104,Standing,Squatting
1177,23.54,146.03991018081877,145.56618810713883,148.3750763764124,91.77625344919862,Standing,Standing
1178,23.56,146.8350318409545,148.09826101730866,152.3277132697793,94.10663302406513,Standing,Standing
1179,23.58,151.0689757437409,150.8120679311954,156.47568585008304,96.79951481905823,Standing,Standing
1180,23.6,152.24300708850302,153.5638742060259,160.46826428606235,100.14824368684565,Standing,Standing
1181,23.62,157.7280466074881,156.46295937320104,164.2640705444838,103.64800931930029,Standing,Standing
1182,23.64,159.2453122242789,159.1995172645265,167.67884243935598,108.79887265622624,Standing,Standing
1183,23.66,162.5659825657838,161.95328609165998,171.00930391802467,113.56236219043954,Standing,Standing
1184,23.68,163.9278845596141,164.15092646978266,173.67726971529405,118.1700842698244,Standing,Standing
1185,23.7,165.69310365062833,166.53865528986418,176.45622955178513,121.56224710913226,Standing,Standing
1186,23.72,168.60002708736317,168.54421543469243,178.7256484908351,123.5094215046662,Standing,Standing
1187,23.74,170.67046035711707,170.6222303301236,178.5778908424363,124.89543048068344,Standing,Standing
1188,23.76,172.10155220329108,172.25270626204517,176.42340431719626,124.87006162527345,Standing,Standing
1189,23.78,174.91144967560805,173.79944912135198,174.49509699809096,124.69550706873082,Standing,Standing
1190,23.8,175.07632916150166,174.74073924440793,173.38365768278624,124.76185217135925,Standing,Standing
1191,23.82,175.00063856736634,175.317666906375,172.70125801830577,125.12202049974343,Standing,Standing
1192,23.84,175.37198310758671,175.7905834863136,172.32679122979752,126.02327981459342,Standing,Standing
1193,23.86,176.21943146522847,176.1948103460587,171.97363252681617,126.85577880940019,Standing,Standing
1194,23.88,175.82194482275077,176.50736192563744,171.73417346373373,127.68375166143379,Standing,Standing
1195,23.9,177.44690547688168,177.1250423905566,171.05947855423437,128.0050145477401,Standing,Standing
1196,23.92,177.94841730105605,177.71708481299845,170.41144125247703,128.41143049552062,Standing,Standing
1197,23.94,178.2833699411705,178.21849421046267,169.6099986737628,128.68635724984375,Standing,Standing
1198,23.96,178.70225932189732,178.71532722780915,169.02589300250537,128.8964628154621,Standing,Standing
1199,23.98,179.1200208442289,179.20367599583108,168.45397642369133,128.9279192494963,Standing,Standing
1200,24.0,179.15898714384642,179.30223155701594,168.2397764499348,128.9733998915362,Standing,Standing
1201,24.02,179.66381216609184,179.5254005130333,167.8375916170305,128.68209835152257,Standing,Standing
1202,24.04,179.9598010778746,179.6838085058053,167.658442840326,128.1209319775991,Standing,Standing
1203,24.06,179.70641577516722,179.85063647268214,167.36887708752838,127.41736472188019,Standing,Standing
1204,24.08,179.36278781959336,179.99334172673414,167.2043790034102,126.70351831165662,Standing,Standing
1205,24.1,179.5797907519121,179.8725158072234,166.99813539493167,126.18604028539232,Standing,Standing
1206,24.12,179.91900779207637,179.9687775006621,167.00990600470158,126.00457631203506,Standing,Standing
1207,24.14,179.5797907519121,179.95227076106872,166.86363221691423,126.03736829315766,Standing,Standing
1208,24.16,179.91900779207637,179.95859752132907,166.8464490810162,126.3999373073041,Standing,Standing
1209,24.18,179.6619850371307,179.94184521087874,166.76352398403094,126.97027443281536,Standing,Standing
1210,24.2,179.2844362929895,179.65851183974834,166.81652768656235,127.54118226069171,Standing,Standing
1211,24.22,179.8644271272941,179.5344525139583,166.75975260164748,127.99670083151636,Standing,Standing
1212,24.24,179.2801686499054,179.464696544015,166.83762238807816,128.29592170439543,Standing,Standing
1213,24.26,179.32347610898026,179.47190578151677,166.78127409780657,128.50303934853235,Standing,Standing
1214,24.28,179.23254652477502,179.55104546277147,166.76186938034942,128.743999659207,Standing,Standing
1215,24.3,179.70158717370722,179.4783432153561,166.78350061511088,128.67797505707034,Standing,Standing
1216,24.32,179.70158717370722,179.2638208022469,166.9186434438847,128.56433913994147,Standing,Standing
1217,24.34,179.22751944215383,179.21665288526916,166.86309377695449,128.48902621688893,Standing,Standing
1218,24.36,179.22751944215383,179.16389204428813,166.80553609251072,128.4304911937699,Standing,Standing
1219,24.38,178.40331854972683,179.10774485040542,166.72329384703565,128.3531404714448,Standing,Standing
1220,24.4,178.7417592679836,179.0481837227996,166.6162481418423,128.25734449318998,Standing,Standing
1221,24.42,179.1784564473273,178.98517579948282,166.48425693288146,128.14348600544236,Standing,Standing
1222,24.44,179.1784564473273,178.91868309052433,166.32715486950033,128.01195779414144,Standing,Standing
